{
  "variants": {
    "axis=x": [
      { "model": "block/cherry_log2" },
      {
        "model": "block/cherry_log2",
        "y": 90
      },
      {
        "model": "block/cherry_log2",
        "y": 180
      },
      {
        "model": "block/cherry_log2",
        "y": 270
      }
    ],
    "axis=y": [
      { "model": "block/cherry_log" },
      {
        "model": "block/cherry_log",
        "y": 90
      },
      {
        "model": "block/cherry_log",
        "y": 180
      },
      {
        "model": "block/cherry_log",
        "y": 270
      }
    ],
    "axis=z": [
      { "model": "block/cherry_log2" },
      {
        "model": "block/cherry_log2",
        "y": 90
      },
      {
        "model": "block/cherry_log2",
        "y": 180
      },
      {
        "model": "block/cherry_log2",
        "y": 270
      }
    ]
    
  }
}
