{
	"credit": "Made with Blockbench",
	"ambientocclusion": false,
	"textures": {
		"3": "block/dirt_block_top",
		"4": "block/grass_overlay",
		"5": "block/grass_block_top",
		"particle": "block/grass_overlay"
	},
	"elements": [
		{
			"from": [0, 0.025, 0],
			"to": [8, 3.2, 8],
			"rotation": {"angle": 0, "axis": "y", "origin": [4, -1, 5]},
			"faces": {
				"north": {"uv": [4, 0, 8, 8], "rotation": 180, "texture": "#3"},
				"east": {"uv": [4, 0, 8, 8], "rotation": 180, "texture": "#3"},
				"south": {"uv": [4, 0, 8, 8], "rotation": 180, "texture": "#3"},
				"west": {"uv": [4, 0, 8, 8], "rotation": 180, "texture": "#3"},
				"up": {"uv": [0, 0, 16, 16], "texture": "#3"},
				"down": {"uv": [0, 0, 0, 0], "texture": "#4"}
			}
		},
		{
			"name": "top overlay",
			"from": [0, 14.325, 0],
			"to": [8, 14.325, 8],
			"rotation": {"angle": 0, "axis": "y", "origin": [4, 8.7, 5]},
			"faces": {
				"north": {"uv": [0, 0, 8, 8], "rotation": 180, "texture": "#3"},
				"east": {"uv": [0, 0, 8, 8], "rotation": 270, "texture": "#missing"},
				"south": {"uv": [0, 0, 8, 8], "texture": "#missing"},
				"west": {"uv": [0, 0, 8, 8], "rotation": 90, "texture": "#3"},
				"up": {"uv": [0, 8, 8, 16], "rotation": 180, "texture": "#4"},
				"down": {"uv": [0, 8, 8, 16], "texture": "#4"}
			}
		},
		{
			"name": "top overlay",
			"from": [0, 14.125, 0],
			"to": [8, 14.125, 8],
			"rotation": {"angle": 0, "axis": "y", "origin": [4, 8.7, 5]},
			"faces": {
				"north": {"uv": [0, 0, 8, 8], "rotation": 180, "texture": "#3"},
				"east": {"uv": [0, 0, 8, 8], "rotation": 270, "texture": "#missing"},
				"south": {"uv": [0, 0, 8, 8], "texture": "#missing"},
				"west": {"uv": [0, 0, 8, 8], "rotation": 90, "texture": "#3"},
				"up": {"uv": [0, 8, 8, 16], "rotation": 180, "texture": "#4"}
			}
		},
		{
			"name": "top overlay",
			"from": [0, 13.925, 0],
			"to": [8, 13.925, 8],
			"rotation": {"angle": 0, "axis": "y", "origin": [4, 8.7, 5]},
			"faces": {
				"north": {"uv": [0, 0, 8, 8], "rotation": 180, "texture": "#3"},
				"east": {"uv": [0, 0, 8, 8], "rotation": 270, "texture": "#missing"},
				"south": {"uv": [0, 0, 8, 8], "texture": "#missing"},
				"west": {"uv": [0, 0, 8, 8], "rotation": 90, "texture": "#3"},
				"up": {"uv": [0, 8, 8, 16], "rotation": 180, "texture": "#4"},
				"down": {"uv": [0, 8, 8, 16], "texture": "#4"}
			}
		},
		{
			"name": "top overlay",
			"from": [0, 13.725, 0],
			"to": [8, 13.725, 8],
			"rotation": {"angle": 0, "axis": "y", "origin": [4, 8.7, 5]},
			"faces": {
				"north": {"uv": [0, 0, 8, 8], "rotation": 180, "texture": "#3"},
				"east": {"uv": [0, 0, 8, 8], "rotation": 270, "texture": "#missing"},
				"south": {"uv": [0, 0, 8, 8], "texture": "#missing"},
				"west": {"uv": [0, 0, 8, 8], "rotation": 90, "texture": "#3"},
				"up": {"uv": [0, 8, 8, 16], "rotation": 180, "texture": "#4"}
			}
		},
		{
			"name": "top overlay",
			"from": [0, 13.525, 0],
			"to": [8, 13.525, 8],
			"rotation": {"angle": 0, "axis": "y", "origin": [4, 8.7, 5]},
			"faces": {
				"north": {"uv": [0, 0, 8, 8], "rotation": 180, "texture": "#3"},
				"east": {"uv": [0, 0, 8, 8], "rotation": 270, "texture": "#missing"},
				"south": {"uv": [0, 0, 8, 8], "texture": "#missing"},
				"west": {"uv": [0, 0, 8, 8], "rotation": 90, "texture": "#3"},
				"up": {"uv": [0, 8, 8, 16], "rotation": 180, "texture": "#4"},
				"down": {"uv": [0, 8, 8, 16], "texture": "#4"}
			}
		},
		{
			"name": "top overlay",
			"from": [0, 13.325, 0],
			"to": [8, 13.325, 8],
			"rotation": {"angle": 0, "axis": "y", "origin": [4, 8.7, 5]},
			"faces": {
				"north": {"uv": [0, 0, 8, 8], "rotation": 180, "texture": "#3"},
				"east": {"uv": [0, 0, 8, 8], "rotation": 270, "texture": "#missing"},
				"south": {"uv": [0, 0, 8, 8], "texture": "#missing"},
				"west": {"uv": [0, 0, 8, 8], "rotation": 90, "texture": "#3"},
				"up": {"uv": [0, 8, 8, 16], "rotation": 180, "texture": "#4"}
			}
		},
		{
			"name": "top overlay",
			"from": [0, 13.125, 0],
			"to": [8, 13.125, 8],
			"rotation": {"angle": 0, "axis": "y", "origin": [4, 8.7, 5]},
			"faces": {
				"north": {"uv": [0, 0, 8, 8], "rotation": 180, "texture": "#3"},
				"east": {"uv": [0, 0, 8, 8], "rotation": 270, "texture": "#missing"},
				"south": {"uv": [0, 0, 8, 8], "texture": "#missing"},
				"west": {"uv": [0, 0, 8, 8], "rotation": 90, "texture": "#3"},
				"up": {"uv": [0, 8, 8, 16], "rotation": 180, "texture": "#4"},
				"down": {"uv": [0, 0, 0, 0], "texture": "#4"}
			}
		},
		{
			"from": [0, 3.225, 0],
			"to": [8, 12.9, 8],
			"rotation": {"angle": 0, "axis": "y", "origin": [4, 8.7, 5]},
			"faces": {
				"north": {"uv": [4, 0, 8, 8], "rotation": 180, "texture": "#5"},
				"east": {"uv": [4, 0, 8, 8], "rotation": 180, "texture": "#5"},
				"south": {"uv": [4, 0, 8, 8], "rotation": 180, "texture": "#5"},
				"west": {"uv": [4, 0, 8, 8], "rotation": 180, "texture": "#5"},
				"up": {"uv": [0, 0, 16, 16], "texture": "#5"},
				"down": {"uv": [0, 0, 0, 0], "texture": "#4"}
			}
		}
	],
	"groups": [
		{
			"name": "vine_1",
			"origin": [8, 8, 8],
			"color": 0,
			"children": [
				{
					"name": "group",
					"origin": [13, -12, -23],
					"color": 0,
					"children": []
				},
				0
			]
		},
		{
			"name": "vine_1",
			"origin": [8, 8, 8],
			"color": 0,
			"children": [
				{
					"name": "group",
					"origin": [13, -12, -23],
					"color": 0,
					"children": [1, 2, 3, 4, 5, 6, 7]
				},
				8
			]
		}
	]
}