{
	"credit": "Made with Blockbench",
	"parent": "block/template_fence_gate_open",
	"textures": {
		"1": "block/stone",
		"2": "block/dark_oak_log",
		"3": "block/stone_bottom2",
		"8": "block/dark_oak_bottom",
		"particle": "block/stone"
	},
	"elements": [
		{
			"from": [0, 3.175, 0],
			"to": [16, 12.85, 16],
			"faces": {
				"north": {"uv": [0, 6.28125, 16, 16], "texture": "#2", "cullface": "north"},
				"east": {"uv": [0, 6.28125, 16, 16], "texture": "#2", "cullface": "east"},
				"south": {"uv": [0, 6.28125, 16, 16], "texture": "#2", "cullface": "south"},
				"west": {"uv": [0, 6.28125, 16, 16], "texture": "#2", "cullface": "west"}
			}
		},
		{
			"from": [8, 12.825, 0],
			"to": [16, 16, 8],
			"faces": {
				"north": {"uv": [0, 12.83333, 16, 15.98958], "rotation": 180, "texture": "#2", "cullface": "north"},
				"east": {"uv": [0, 12.83333, 16, 15.98958], "rotation": 180, "texture": "#2", "cullface": "east"},
				"up": {"uv": [8, 8, 16, 16], "rotation": 90, "texture": "#2", "cullface": "up"}
			}
		},
		{
			"from": [8, 12.825, 8],
			"to": [16, 16, 16],
			"faces": {
				"east": {"uv": [4.42188, 4.875, 12.42188, 8.04167], "texture": "#1", "cullface": "east"},
				"south": {"uv": [4.375, 4.85938, 12.375, 8.02605], "texture": "#1", "cullface": "south"},
				"up": {"uv": [0, 0, 16, 16], "rotation": 90, "texture": "#1", "cullface": "up"}
			}
		},
		{
			"from": [0, 12.825, 0],
			"to": [8, 16, 8],
			"faces": {
				"north": {"uv": [2.39063, 4.64583, 5.39063, 7.64583], "rotation": 180, "texture": "#1", "cullface": "north"},
				"west": {"uv": [2.39063, 4.64583, 5.39063, 7.64583], "rotation": 180, "texture": "#1", "cullface": "west"},
				"up": {"uv": [0, 0, 16, 16], "rotation": 90, "texture": "#1", "cullface": "up"}
			}
		},
		{
			"from": [0, 12.825, 8],
			"to": [8, 16, 16],
			"faces": {
				"south": {"uv": [0, 0, 16, 3.16667], "texture": "#2", "cullface": "south"},
				"west": {"uv": [8, 0, 16, 3.16667], "texture": "#2", "cullface": "west"},
				"up": {"uv": [0, 8, 8, 16], "rotation": 90, "texture": "#2", "cullface": "up"}
			}
		},
		{
			"from": [8, 0, 0],
			"to": [16, 3.175, 8],
			"faces": {
				"north": {"uv": [1.4375, 1.84375, 9.4375, 4.84375], "rotation": 90, "texture": "#1", "cullface": "north"},
				"east": {"uv": [1.48438, 1.84375, 9.48438, 4.84375], "texture": "#1", "cullface": "east"},
				"down": {"uv": [0, 0, 16, 16], "rotation": 90, "texture": "#3", "cullface": "down"}
			}
		},
		{
			"from": [8, 0, 8],
			"to": [16, 3.175, 16],
			"faces": {
				"east": {"uv": [0, 12.83333, 16, 15.98958], "texture": "#2", "cullface": "east"},
				"south": {"uv": [0, 12.83333, 16, 15.98958], "texture": "#2", "cullface": "south"},
				"down": {"uv": [0, 0, 16, 16], "rotation": 90, "texture": "#8", "cullface": "down"}
			}
		},
		{
			"from": [0, 0, 0],
			"to": [8, 3.175, 8],
			"faces": {
				"north": {"uv": [0, 12.875, 8, 16], "texture": "#2", "cullface": "north"},
				"west": {"uv": [0, 12.9375, 8, 16], "texture": "#2", "cullface": "west"},
				"down": {"uv": [0, 0, 16, 16], "rotation": 90, "texture": "#8", "cullface": "down"}
			}
		},
		{
			"from": [0, 0, 8],
			"to": [8, 3.175, 16],
			"faces": {
				"south": {"uv": [3.53125, 6.56771, 11.53125, 9.72396], "texture": "#1", "cullface": "south"},
				"west": {"uv": [3.48438, 6.52083, 11.48438, 9.67708], "texture": "#1", "cullface": "west"},
				"down": {"uv": [0, 0, 16, 16], "rotation": 90, "texture": "#3", "cullface": "down"}
			}
		}
	],
	"display": {
		"thirdperson_righthand": {
			"scale": [0.5, 0.5, 0.5]
		},
		"thirdperson_lefthand": {
			"scale": [0.5, 0.5, 0.5]
		},
		"firstperson_righthand": {
			"rotation": [5, 45, 0],
			"scale": [0.5, 0.5, 0.5]
		},
		"firstperson_lefthand": {
			"rotation": [5, 45, 0],
			"scale": [0.5, 0.5, 0.5]
		},
		"ground": {
			"translation": [0, 4, 0],
			"scale": [0.4, 0.4, 0.4]
		},
		"gui": {
			"rotation": [20, -45, 0],
			"scale": [0.54, 0.54, 0.54]
		}
	},
	"groups": [
		0,
		{
			"name": "group",
			"origin": [0, 0, 0],
			"color": 0,
			"children": [1, 2]
		},
		{
			"name": "group",
			"origin": [0, 0, 0],
			"color": 0,
			"children": [3, 4]
		},
		{
			"name": "group",
			"origin": [0, 0, 0],
			"color": 0,
			"children": [5, 6]
		},
		{
			"name": "group",
			"origin": [0, 0, 0],
			"color": 0,
			"children": [7, 8]
		}
	]
}