{
	"credit": "Made with Blockbench",
	"parent": "block/thin_block",
	"texture_size": [32, 32],
	"textures": {
		"particle": "block/bamboo_tex",
		"texture": "block/bamboo_tex"
	},
	"elements": [
		{
			"from": [4, -0.025, 4],
			"to": [12, 3.175, 12],
			"rotation": {"angle": 0, "axis": "y", "origin": [8, -12.025, 7]},
			"faces": {
				"north": {"uv": [8, 0, 16, 3.20313], "texture": "#texture"},
				"east": {"uv": [8, 0, 16, 3.20313], "texture": "#texture"},
				"south": {"uv": [8, 0, 16, 3.20313], "texture": "#texture"},
				"west": {"uv": [8, 0, 16, 3.20313], "texture": "#texture"}
			}
		},
		{
			"from": [4, 3.225, 4],
			"to": [12, 6.425, 12],
			"rotation": {"angle": 0, "axis": "y", "origin": [8, -12.025, 7]},
			"faces": {
				"north": {"uv": [8, 0, 16, 3.06251], "texture": "#texture"},
				"east": {"uv": [8, 0, 16, 3.06251], "texture": "#texture"},
				"south": {"uv": [8, 0, 16, 3.06251], "texture": "#texture"},
				"west": {"uv": [8, 0, 16, 3.06251], "texture": "#texture"},
				"up": {"uv": [0.04688, 0.04688, 4.04688, 8.04688], "texture": "#texture"}
			}
		}
	],
	"display": {
		"thirdperson_righthand": {
			"scale": [0.5, 0.5, 0.5]
		},
		"thirdperson_lefthand": {
			"scale": [0.5, 0.5, 0.5]
		},
		"firstperson_righthand": {
			"rotation": [5, 45, 0],
			"scale": [0.5, 0.5, 0.5]
		},
		"firstperson_lefthand": {
			"rotation": [5, 45, 0],
			"scale": [0.5, 0.5, 0.5]
		},
		"ground": {
			"translation": [0, 4, 0],
			"scale": [0.4, 0.4, 0.4]
		},
		"gui": {
			"rotation": [20, 45, 0],
			"scale": [0.54, 0.54, 0.54]
		}
	},
	"groups": [
		{
			"name": "snow_height2",
			"origin": [8, 8, 8],
			"color": 0,
			"children": []
		},
		0,
		1
	]
}