{
	"credit": "Made with Blockbench",
	"textures": {
		"2": "block/gold_ore_block_side2",
		"3": "block/acacia_planks_block_side2",
		"4": "block/yellow_bottom2",
		"5": "block/bricks_bottom",
		"particle": "block/bricks_bottom"
	},
	"elements": [
		{
			"from": [8, 0, 0],
			"to": [16, 16, 8],
			"faces": {
				"north": {"uv": [8.04688, 0.04688, 16.04688, 16.04688], "texture": "#3", "cullface": "north"},
				"east": {"uv": [8.04688, 0.04688, 16.04688, 16.04688], "texture": "#3", "cullface": "east"},
				"up": {"uv": [0, 8, 8, 16], "texture": "#3", "cullface": "up"},
				"down": {"uv": [0, 0, 8, 8], "texture": "#5", "cullface": "down"}
			}
		},
		{
			"from": [0, 0, 0],
			"to": [8, 16, 8],
			"faces": {
				"north": {"uv": [8.04688, 0.04688, 16.04688, 16.04688], "texture": "#2", "cullface": "north"},
				"west": {"uv": [8.04688, 0.04688, 16.04688, 16.04688], "texture": "#2", "cullface": "west"},
				"up": {"uv": [0, 8, 8, 16], "texture": "#2", "cullface": "up"},
				"down": {"uv": [0, 0, 16, 16], "texture": "#4", "cullface": "down"}
			}
		},
		{
			"from": [0, 0, 8],
			"to": [8, 16, 16],
			"faces": {
				"north": {"uv": [8.04688, 0.04688, 16.04688, 16.04688], "texture": "#missing"},
				"south": {"uv": [8, 0, 16, 16], "texture": "#3", "cullface": "south"},
				"west": {"uv": [8.04688, 0.04688, 16.04688, 16.04688], "texture": "#3", "cullface": "west"},
				"up": {"uv": [0, 8, 8, 16], "texture": "#3", "cullface": "up"},
				"down": {"uv": [0, 0, 8, 8], "texture": "#5", "cullface": "down"}
			}
		},
		{
			"from": [8, 0, 8],
			"to": [16, 16, 16],
			"faces": {
				"east": {"uv": [8.04688, 0.04688, 16.04688, 16.04688], "texture": "#2", "cullface": "east"},
				"south": {"uv": [8, 0, 16, 16], "texture": "#2", "cullface": "south"},
				"up": {"uv": [0, 7.60938, 8, 16], "texture": "#2", "cullface": "up"},
				"down": {"uv": [0, 0, 16, 16], "texture": "#4", "cullface": "down"}
			}
		}
	],
	"display": {
		"thirdperson_righthand": {
			"scale": [0.5, 0.5, 0.5]
		},
		"thirdperson_lefthand": {
			"scale": [0.5, 0.5, 0.5]
		},
		"firstperson_righthand": {
			"rotation": [5, 45, 0],
			"scale": [0.5, 0.5, 0.5]
		},
		"firstperson_lefthand": {
			"rotation": [5, 45, 0],
			"scale": [0.5, 0.5, 0.5]
		},
		"ground": {
			"translation": [0, 4, 0],
			"scale": [0.4, 0.4, 0.4]
		},
		"gui": {
			"rotation": [20, 45, 0],
			"scale": [0.54, 0.54, 0.54]
		}
	}
}