{
	"credit": "Made with Blockbench",
	"textures": {
		"2": "block/gold_ore_block_side2",
		"3": "block/gold_block_bottom",
		"4": "block/acacia_planks_block_top",
		"5": "block/gold_ore_block_top",
		"particle": "block/gold_ore_block_side2"
	},
	"elements": [
		{
			"from": [0, 12.8, 0],
			"to": [16, 16, 8],
			"faces": {
				"north": {"uv": [0, 0.09375, 2.96875, 16], "rotation": 90, "texture": "#4", "cullface": "north"},
				"east": {"uv": [0, 0, 8, 3.225], "texture": "#4", "cullface": "east"},
				"west": {"uv": [0, 0, 8, 3.15625], "texture": "#4", "cullface": "west"},
				"up": {"uv": [8, 0, 16, 16], "rotation": 90, "texture": "#4", "cullface": "up"}
			}
		},
		{
			"from": [0, 12.8, 8],
			"to": [16, 16, 16],
			"faces": {
				"east": {"uv": [0, 0, 16, 3.225], "texture": "#2", "cullface": "east"},
				"south": {"uv": [0, 0, 16, 3.1875], "texture": "#2", "cullface": "south"},
				"west": {"uv": [0, 0, 16, 3.15625], "texture": "#2", "cullface": "west"},
				"up": {"uv": [0, 0, 8, 16], "rotation": 90, "texture": "#5", "cullface": "up"}
			}
		},
		{
			"from": [0, 0, 0],
			"to": [16, 12.8, 16],
			"faces": {
				"north": {"uv": [0, 3.18437, 16, 16], "texture": "#2", "cullface": "north"},
				"east": {"uv": [0, 3.18437, 16, 16], "texture": "#2", "cullface": "east"},
				"south": {"uv": [0, 3.16875, 16, 16], "texture": "#2", "cullface": "south"},
				"west": {"uv": [0, 3.18437, 16, 16], "texture": "#2", "cullface": "west"},
				"down": {"uv": [0, 0, 16, 16], "texture": "#3", "cullface": "down"}
			}
		}
	],
	"display": {
		"thirdperson_righthand": {
			"scale": [0.5, 0.5, 0.5]
		},
		"thirdperson_lefthand": {
			"scale": [0.5, 0.5, 0.5]
		},
		"firstperson_righthand": {
			"rotation": [5, 45, 0],
			"scale": [0.5, 0.5, 0.5]
		},
		"firstperson_lefthand": {
			"rotation": [5, 45, 0],
			"scale": [0.5, 0.5, 0.5]
		},
		"ground": {
			"translation": [0, 4, 0],
			"scale": [0.4, 0.4, 0.4]
		},
		"gui": {
			"rotation": [20, 45, 0],
			"scale": [0.54, 0.54, 0.54]
		}
	},
	"groups": [
		{
			"name": "template_wool",
			"origin": [8, 8, 8],
			"color": 0,
			"children": [
				{
					"name": "template_leaves",
					"origin": [8, 8, 8],
					"color": 0,
					"children": []
				},
				0,
				1,
				2
			]
		}
	]
}