{
	"credit": "Made with Blockbench",
	"textures": {
		"0": "block/yellow_overlay",
		"1": "block/gold_ore_block_side2",
		"6": "block/yellow_bottom2",
		"7": "block/bricks_bottom",
		"8": "block/acacia_planks_block_side2",
		"9": "block/acacia_overlay",
		"particle": "block/yellow_overlay"
	},
	"elements": [
		{
			"from": [8, 0, 0],
			"to": [16, 9.675, 8],
			"faces": {
				"north": {"uv": [0, 6.325, 8, 16], "texture": "#1", "cullface": "north"},
				"east": {"uv": [0, 6.325, 8, 16], "texture": "#1", "cullface": "east"},
				"south": {"uv": [0, 6.325, 8, 16], "texture": "#1", "cullface": "south"},
				"west": {"uv": [0, 6.325, 8, 16], "texture": "#1", "cullface": "west"},
				"up": {"uv": [0, 6.34376, 16, 16], "rotation": 90, "texture": "#1"},
				"down": {"uv": [0, 0, 16, 16], "rotation": 270, "texture": "#6", "cullface": "down"}
			}
		},
		{
			"from": [8, 0, 8],
			"to": [16, 9.675, 16],
			"faces": {
				"north": {"uv": [0, 6.325, 8, 16], "texture": "#1", "cullface": "north"},
				"east": {"uv": [0, 6.325, 8, 16], "texture": "#8", "cullface": "east"},
				"south": {"uv": [0, 6.325, 8, 16], "texture": "#8", "cullface": "south"},
				"west": {"uv": [0, 6.325, 8, 16], "texture": "#1", "cullface": "west"},
				"up": {"uv": [0, 6.34376, 16, 16], "rotation": 90, "texture": "#8"},
				"down": {"uv": [8, 0, 0, 8], "rotation": 270, "texture": "#7", "cullface": "down"}
			}
		},
		{
			"from": [0, 0, 8],
			"to": [8, 9.675, 16],
			"faces": {
				"north": {"uv": [0, 6.325, 8, 16], "texture": "#1", "cullface": "north"},
				"east": {"uv": [0, 6.325, 8, 16], "texture": "#1", "cullface": "east"},
				"south": {"uv": [0, 6.325, 8, 16], "texture": "#1", "cullface": "south"},
				"west": {"uv": [0, 6.325, 8, 16], "texture": "#1", "cullface": "west"},
				"up": {"uv": [0, 6.34376, 16, 16], "rotation": 90, "texture": "#1"},
				"down": {"uv": [0, 0, 16, 16], "rotation": 270, "texture": "#6", "cullface": "down"}
			}
		},
		{
			"from": [0, 0, 0],
			"to": [8, 9.675, 8],
			"faces": {
				"north": {"uv": [0, 6.325, 8, 16], "texture": "#8", "cullface": "north"},
				"east": {"uv": [0, 6.325, 8, 16], "texture": "#1", "cullface": "east"},
				"south": {"uv": [0, 6.325, 8, 16], "texture": "#1", "cullface": "south"},
				"west": {"uv": [0, 6.325, 8, 16], "texture": "#8", "cullface": "west"},
				"up": {"uv": [0, 6.34376, 16, 16], "rotation": 90, "texture": "#8"},
				"down": {"uv": [8, 0, 0, 8], "rotation": 270, "texture": "#7", "cullface": "down"}
			}
		},
		{
			"name": "px",
			"from": [9.325, 9.65, 11.775],
			"to": [14.4, 11.025, 12.1],
			"rotation": {"angle": 0, "axis": "y", "origin": [3.625, 11.05, -2.05]},
			"faces": {
				"north": {"uv": [9.79688, 11.5, 14.17188, 13.5], "texture": "#8"},
				"east": {"uv": [7, 10.90625, 7.275, 12.90625], "texture": "#8"},
				"west": {"uv": [12.25, 12.84375, 12.53125, 12.84375], "texture": "#8"},
				"up": {"uv": [9.39063, 11.84688, 14.46563, 12.12188], "texture": "#9"}
			}
		},
		{
			"name": "px",
			"from": [9.325, 9.65, 12.1],
			"to": [14.4, 11.025, 12.3],
			"rotation": {"angle": 0, "axis": "y", "origin": [3.625, 11.05, -1.95]},
			"faces": {
				"east": {"uv": [7, 10.90625, 7.2, 12.90625], "texture": "#8"},
				"south": {"uv": [2.09375, 12.25, 7.17188, 14.25], "texture": "#8"},
				"west": {"uv": [12.25, 12.84375, 12.53125, 12.84375], "texture": "#8"},
				"up": {"uv": [9.39063, 12.12188, 14.46563, 12.32188], "texture": "#9"}
			}
		},
		{
			"name": "px",
			"from": [9.35, 9.65, 12.3],
			"to": [14.375, 11.025, 12.425],
			"rotation": {"angle": 0, "axis": "y", "origin": [3.625, 11.05, -1.75]},
			"faces": {
				"east": {"uv": [7, 10.90625, 7.125, 12.90625], "texture": "#8"},
				"south": {"uv": [2.09375, 12.25, 7.17188, 14.25], "texture": "#8"},
				"west": {"uv": [12.25, 12.84375, 12.53125, 12.84375], "texture": "#8"},
				"up": {"uv": [9.41563, 12.32188, 14.44063, 12.44688], "texture": "#9"}
			}
		},
		{
			"name": "px",
			"from": [9.4, 9.65, 12.525],
			"to": [14.325, 11.025, 12.625],
			"rotation": {"angle": 0, "axis": "y", "origin": [3.625, 11.05, -1.525]},
			"faces": {
				"east": {"uv": [7, 10.90625, 7.1, 12.90625], "texture": "#8"},
				"south": {"uv": [2.09375, 12.25, 7.17188, 14.25], "texture": "#8"},
				"west": {"uv": [12.25, 12.84375, 12.53125, 12.84375], "texture": "#8"},
				"up": {"uv": [9.46562, 12.54688, 14.39063, 12.64688], "texture": "#9"}
			}
		},
		{
			"name": "px",
			"from": [9.375, 9.65, 12.425],
			"to": [14.35, 11.025, 12.525],
			"rotation": {"angle": 0, "axis": "y", "origin": [3.625, 11.05, -1.625]},
			"faces": {
				"east": {"uv": [7, 10.90625, 7.1, 12.90625], "texture": "#8"},
				"south": {"uv": [2.09375, 12.25, 7.17188, 14.25], "texture": "#8"},
				"west": {"uv": [12.25, 12.84375, 12.53125, 12.84375], "texture": "#8"},
				"up": {"uv": [9.44063, 12.44688, 14.41563, 12.54688], "texture": "#9"}
			}
		},
		{
			"name": "px",
			"from": [9.425, 9.65, 12.625],
			"to": [14.3, 11.025, 12.725],
			"rotation": {"angle": 0, "axis": "y", "origin": [3.625, 11.05, -1.425]},
			"faces": {
				"east": {"uv": [7, 10.90625, 7.1, 12.90625], "texture": "#8"},
				"south": {"uv": [2.09375, 12.25, 7.17188, 14.25], "texture": "#8"},
				"west": {"uv": [12.25, 12.84375, 12.53125, 12.84375], "texture": "#8"},
				"up": {"uv": [9.49063, 12.64688, 14.36563, 12.74688], "texture": "#9"}
			}
		},
		{
			"name": "px",
			"from": [9.5, 9.65, 12.825],
			"to": [14.25, 11.025, 12.925],
			"rotation": {"angle": 0, "axis": "y", "origin": [3.625, 11.05, -1.225]},
			"faces": {
				"east": {"uv": [7, 10.90625, 7.1, 12.90625], "texture": "#8"},
				"south": {"uv": [2.09375, 12.25, 7.17188, 14.25], "texture": "#8"},
				"west": {"uv": [12.25, 12.84375, 12.53125, 12.84375], "texture": "#8"},
				"up": {"uv": [9.56563, 12.84688, 14.31563, 12.94688], "texture": "#9"}
			}
		},
		{
			"name": "px",
			"from": [9.475, 9.65, 12.725],
			"to": [14.275, 11.025, 12.825],
			"rotation": {"angle": 0, "axis": "y", "origin": [3.625, 11.05, -1.325]},
			"faces": {
				"east": {"uv": [7, 10.90625, 7.1, 12.90625], "texture": "#8"},
				"south": {"uv": [2.09375, 12.25, 7.17188, 14.25], "texture": "#8"},
				"west": {"uv": [12.25, 12.84375, 12.53125, 12.84375], "texture": "#8"},
				"up": {"uv": [9.54063, 12.74688, 14.34063, 12.84688], "texture": "#9"}
			}
		},
		{
			"name": "px",
			"from": [9.525, 9.65, 12.925],
			"to": [14.2, 11.025, 13.025],
			"rotation": {"angle": 0, "axis": "y", "origin": [3.625, 11.05, -1.125]},
			"faces": {
				"east": {"uv": [7, 10.90625, 7.1, 12.90625], "texture": "#8"},
				"south": {"uv": [2.09375, 12.25, 7.17188, 14.25], "texture": "#8"},
				"west": {"uv": [12.25, 12.84375, 12.53125, 12.84375], "texture": "#8"},
				"up": {"uv": [9.59062, 12.94688, 14.26563, 13.04688], "texture": "#9"}
			}
		},
		{
			"name": "px",
			"from": [9.575, 9.65, 13.025],
			"to": [14.15, 11.025, 13.125],
			"rotation": {"angle": 0, "axis": "y", "origin": [3.625, 11.05, -1.025]},
			"faces": {
				"east": {"uv": [7, 10.90625, 7.1, 12.90625], "texture": "#8"},
				"south": {"uv": [2.09375, 12.25, 7.17188, 14.25], "texture": "#8"},
				"west": {"uv": [12.25, 12.84375, 12.53125, 12.84375], "texture": "#8"},
				"up": {"uv": [9.64063, 13.04688, 14.21563, 13.14688], "texture": "#9"}
			}
		},
		{
			"name": "px",
			"from": [9.625, 9.65, 13.125],
			"to": [14.1, 11.025, 13.225],
			"rotation": {"angle": 0, "axis": "y", "origin": [3.625, 11.05, -0.925]},
			"faces": {
				"east": {"uv": [7, 10.90625, 7.1, 12.90625], "texture": "#8"},
				"south": {"uv": [2.09375, 12.25, 7.17188, 14.25], "texture": "#8"},
				"west": {"uv": [12.25, 12.84375, 12.53125, 12.84375], "texture": "#8"},
				"up": {"uv": [9.69063, 13.14688, 14.16563, 13.24688], "texture": "#9"}
			}
		},
		{
			"name": "px",
			"from": [9.675, 9.65, 13.225],
			"to": [14.05, 11.025, 13.325],
			"rotation": {"angle": 0, "axis": "y", "origin": [3.625, 11.05, -0.825]},
			"faces": {
				"east": {"uv": [7, 10.90625, 7.1, 12.90625], "texture": "#8"},
				"south": {"uv": [3.15625, 13.34375, 7.53125, 13.34375], "texture": "#8"},
				"west": {"uv": [12.25, 12.84375, 12.53125, 12.84375], "texture": "#8"},
				"up": {"uv": [9.74063, 13.24688, 14.11563, 13.34688], "texture": "#9"}
			}
		},
		{
			"name": "px",
			"from": [9.725, 9.65, 13.325],
			"to": [14, 11.025, 13.425],
			"rotation": {"angle": 0, "axis": "y", "origin": [3.625, 11.05, -0.725]},
			"faces": {
				"east": {"uv": [7, 10.90625, 7.1, 12.90625], "texture": "#8"},
				"south": {"uv": [2.09375, 12.25, 7.17188, 14.25], "texture": "#8"},
				"west": {"uv": [12.25, 12.84375, 12.53125, 12.84375], "texture": "#8"},
				"up": {"uv": [9.79063, 13.34688, 14.06563, 13.44688], "texture": "#9"}
			}
		},
		{
			"name": "px",
			"from": [9.8, 9.65, 13.425],
			"to": [13.925, 11.025, 13.525],
			"rotation": {"angle": 0, "axis": "y", "origin": [3.625, 11.05, -0.625]},
			"faces": {
				"east": {"uv": [7, 10.90625, 7.1, 12.90625], "texture": "#8"},
				"south": {"uv": [2.09375, 12.25, 7.17188, 14.25], "texture": "#8"},
				"west": {"uv": [12.25, 12.84375, 12.53125, 12.84375], "texture": "#8"},
				"up": {"uv": [9.86563, 13.44688, 13.99063, 13.54688], "texture": "#9"}
			}
		},
		{
			"name": "px",
			"from": [9.875, 9.65, 13.525],
			"to": [13.85, 11.025, 13.625],
			"rotation": {"angle": 0, "axis": "y", "origin": [3.625, 11.05, -0.525]},
			"faces": {
				"east": {"uv": [7, 10.90625, 7.1, 12.90625], "texture": "#8"},
				"south": {"uv": [2.09375, 12.25, 7.17188, 14.25], "texture": "#8"},
				"west": {"uv": [12.25, 12.84375, 12.53125, 12.84375], "texture": "#8"},
				"up": {"uv": [9.94063, 13.54688, 13.91563, 13.64688], "texture": "#9"}
			}
		},
		{
			"name": "px",
			"from": [9.95, 9.65, 13.625],
			"to": [13.775, 11.025, 13.725],
			"rotation": {"angle": 0, "axis": "y", "origin": [3.625, 11.05, -0.425]},
			"faces": {
				"east": {"uv": [7, 10.90625, 7.1, 12.90625], "texture": "#8"},
				"south": {"uv": [2.09375, 12.25, 7.17188, 14.25], "texture": "#8"},
				"west": {"uv": [12.25, 12.84375, 12.53125, 12.84375], "texture": "#8"},
				"up": {"uv": [10.01563, 13.64688, 13.84063, 13.74688], "texture": "#9"}
			}
		},
		{
			"name": "px",
			"from": [10.05, 9.65, 13.725],
			"to": [13.725, 11.025, 13.825],
			"rotation": {"angle": 0, "axis": "y", "origin": [3.6, 11.05, -0.325]},
			"faces": {
				"east": {"uv": [7, 10.90625, 7.1, 12.90625], "texture": "#8"},
				"south": {"uv": [2.09375, 12.25, 7.17188, 14.25], "texture": "#8"},
				"west": {"uv": [12.25, 12.84375, 12.53125, 12.84375], "texture": "#8"},
				"up": {"uv": [10.11563, 13.74688, 13.79063, 13.84688], "texture": "#9"}
			}
		},
		{
			"name": "px",
			"from": [10.275, 9.65, 13.925],
			"to": [13.475, 11.025, 14.025],
			"rotation": {"angle": 0, "axis": "y", "origin": [3.825, 11.05, -0.325]},
			"faces": {
				"east": {"uv": [7, 10.90625, 7.1, 12.90625], "texture": "#8"},
				"south": {"uv": [2.09375, 12.25, 7.17188, 14.25], "texture": "#8"},
				"west": {"uv": [12.25, 12.84375, 12.53125, 12.84375], "texture": "#8"},
				"up": {"uv": [10.34062, 13.94688, 13.54063, 14.04688], "texture": "#9"}
			}
		},
		{
			"name": "px",
			"from": [10.15, 9.65, 13.825],
			"to": [13.6, 11.025, 13.925],
			"rotation": {"angle": 0, "axis": "y", "origin": [3.7, 11.05, -0.325]},
			"faces": {
				"east": {"uv": [7, 10.90625, 7.1, 12.90625], "texture": "#8"},
				"south": {"uv": [2.09375, 12.25, 7.17188, 14.25], "texture": "#8"},
				"west": {"uv": [12.25, 12.84375, 12.53125, 12.84375], "texture": "#8"},
				"up": {"uv": [10.21562, 13.84688, 13.66563, 13.94688], "texture": "#9"}
			}
		},
		{
			"name": "px",
			"from": [10.425, 9.65, 14.025],
			"to": [13.375, 11.025, 14.125],
			"rotation": {"angle": 0, "axis": "y", "origin": [3.975, 11.05, -0.325]},
			"faces": {
				"east": {"uv": [7, 10.90625, 7.1, 12.90625], "texture": "#8"},
				"south": {"uv": [2.09375, 12.25, 7.17188, 14.25], "texture": "#8"},
				"west": {"uv": [12.25, 12.84375, 12.53125, 12.84375], "texture": "#8"},
				"up": {"uv": [10.49063, 14.04688, 13.44063, 14.14688], "texture": "#9"}
			}
		},
		{
			"name": "px",
			"from": [10.55, 9.65, 14.125],
			"to": [13.25, 11.025, 14.225],
			"rotation": {"angle": 0, "axis": "y", "origin": [3.85, 11.05, -0.325]},
			"faces": {
				"east": {"uv": [7, 10.90625, 7.1, 12.90625], "texture": "#8"},
				"south": {"uv": [2.09375, 12.25, 7.17188, 14.25], "texture": "#8"},
				"west": {"uv": [12.25, 12.84375, 12.53125, 12.84375], "texture": "#8"},
				"up": {"uv": [10.61563, 14.14688, 13.31563, 14.24688], "texture": "#9"}
			}
		},
		{
			"name": "px",
			"from": [10.775, 9.65, 14.225],
			"to": [13, 11.025, 14.325],
			"rotation": {"angle": 0, "axis": "y", "origin": [3.85, 11.05, -0.325]},
			"faces": {
				"east": {"uv": [7, 10.90625, 7.1, 12.90625], "texture": "#8"},
				"south": {"uv": [2.09375, 12.25, 7.17188, 14.25], "texture": "#8"},
				"west": {"uv": [12.25, 12.84375, 12.53125, 12.84375], "texture": "#8"},
				"up": {"uv": [10.84063, 14.24688, 13.06563, 14.34688], "texture": "#9"}
			}
		},
		{
			"name": "px",
			"from": [11, 9.65, 14.325],
			"to": [12.75, 11.025, 14.4],
			"rotation": {"angle": 0, "axis": "y", "origin": [3.85, 11.05, -0.325]},
			"faces": {
				"east": {"uv": [7, 10.90625, 7.075, 12.90625], "texture": "#8"},
				"south": {"uv": [2.09375, 12.25, 7.17188, 14.25], "texture": "#8"},
				"west": {"uv": [12.25, 12.84375, 12.53125, 12.84375], "texture": "#8"},
				"up": {"uv": [11.06563, 14.34688, 12.81563, 14.42188], "texture": "#9"}
			}
		},
		{
			"name": "px",
			"from": [11.3, 9.65, 14.4],
			"to": [12.5, 11.025, 14.475],
			"rotation": {"angle": 0, "axis": "y", "origin": [3.85, 11.05, -0.35]},
			"faces": {
				"east": {"uv": [7, 10.90625, 7.075, 12.90625], "texture": "#8"},
				"south": {"uv": [2.09375, 12.25, 7.17188, 14.25], "texture": "#8"},
				"west": {"uv": [12.25, 12.84375, 12.53125, 12.84375], "texture": "#8"},
				"up": {"uv": [11.36563, 14.42188, 12.56563, 14.49688], "texture": "#9"}
			}
		},
		{
			"name": "px",
			"from": [9.375, 9.65, 11.575],
			"to": [14.425, 11.025, 11.775],
			"rotation": {"angle": 0, "axis": "y", "origin": [20.075, 11.05, 9.825]},
			"faces": {
				"north": {"uv": [9.79688, 11.5, 14.17188, 13.5], "texture": "#8"},
				"east": {"uv": [7, 10.90625, 7.2, 12.90625], "texture": "#8"},
				"south": {"uv": [3.45313, 4.04688, 12, 7.04688], "texture": "#8"},
				"west": {"uv": [12.25, 12.84375, 12.53125, 12.84375], "texture": "#8"},
				"up": {"uv": [14.51563, 11.79688, 9.44063, 11.59688], "rotation": 180, "texture": "#9"}
			}
		},
		{
			"name": "px",
			"from": [9.4, 9.65, 11.45],
			"to": [14.4, 11.025, 11.575],
			"rotation": {"angle": 0, "axis": "y", "origin": [20.075, 11.05, 9.625]},
			"faces": {
				"north": {"uv": [9.79688, 11.5, 14.17188, 13.5], "texture": "#8"},
				"east": {"uv": [7, 10.90625, 7.125, 12.90625], "texture": "#8"},
				"west": {"uv": [12.25, 12.84375, 12.53125, 12.84375], "texture": "#8"},
				"up": {"uv": [14.49063, 11.59688, 9.46562, 11.47188], "rotation": 180, "texture": "#9"}
			}
		},
		{
			"name": "px",
			"from": [9.45, 9.65, 11.25],
			"to": [14.35, 11.025, 11.35],
			"rotation": {"angle": 0, "axis": "y", "origin": [20.075, 11.05, 9.4]},
			"faces": {
				"north": {"uv": [9.79688, 11.5, 14.17188, 13.5], "texture": "#8"},
				"east": {"uv": [7, 10.90625, 7.1, 12.90625], "texture": "#8"},
				"west": {"uv": [12.25, 12.84375, 12.53125, 12.84375], "texture": "#8"},
				"up": {"uv": [14.44063, 11.37188, 9.51563, 11.27188], "rotation": 180, "texture": "#9"}
			}
		},
		{
			"name": "px",
			"from": [9.425, 9.65, 11.35],
			"to": [14.375, 11.025, 11.45],
			"rotation": {"angle": 0, "axis": "y", "origin": [20.075, 11.05, 9.5]},
			"faces": {
				"north": {"uv": [9.79688, 11.5, 14.17188, 13.5], "texture": "#8"},
				"east": {"uv": [7, 10.90625, 7.1, 12.90625], "texture": "#8"},
				"west": {"uv": [12.25, 12.84375, 12.53125, 12.84375], "texture": "#8"},
				"up": {"uv": [14.46563, 11.47188, 9.49063, 11.37188], "rotation": 180, "texture": "#9"}
			}
		},
		{
			"name": "px",
			"from": [9.475, 9.65, 11.15],
			"to": [14.325, 11.025, 11.25],
			"rotation": {"angle": 0, "axis": "y", "origin": [20.075, 11.05, 9.3]},
			"faces": {
				"north": {"uv": [9.79688, 11.5, 14.17188, 13.5], "texture": "#8"},
				"east": {"uv": [7, 10.90625, 7.1, 12.90625], "texture": "#8"},
				"west": {"uv": [12.25, 12.84375, 12.53125, 12.84375], "texture": "#8"},
				"up": {"uv": [14.41563, 11.27188, 9.54063, 11.17188], "rotation": 180, "texture": "#9"}
			}
		},
		{
			"name": "px",
			"from": [9.525, 9.65, 10.95],
			"to": [14.25, 11.025, 11.05],
			"rotation": {"angle": 0, "axis": "y", "origin": [20.075, 11.05, 9.1]},
			"faces": {
				"north": {"uv": [9.79688, 11.5, 14.17188, 13.5], "texture": "#8"},
				"east": {"uv": [7, 10.90625, 7.1, 12.90625], "texture": "#8"},
				"west": {"uv": [12.25, 12.84375, 12.53125, 12.84375], "texture": "#8"},
				"up": {"uv": [14.34063, 11.07188, 9.59062, 10.97188], "rotation": 180, "texture": "#9"}
			}
		},
		{
			"name": "px",
			"from": [9.5, 9.65, 11.05],
			"to": [14.275, 11.025, 11.15],
			"rotation": {"angle": 0, "axis": "y", "origin": [20.075, 11.05, 9.2]},
			"faces": {
				"north": {"uv": [9.79688, 11.5, 14.17188, 13.5], "texture": "#8"},
				"east": {"uv": [7, 10.90625, 7.1, 12.90625], "texture": "#8"},
				"west": {"uv": [12.25, 12.84375, 12.53125, 12.84375], "texture": "#8"},
				"up": {"uv": [14.36563, 11.17188, 9.56563, 11.07188], "rotation": 180, "texture": "#9"}
			}
		},
		{
			"name": "px",
			"from": [9.575, 9.65, 10.85],
			"to": [14.225, 11.025, 10.95],
			"rotation": {"angle": 0, "axis": "y", "origin": [20.075, 11.05, 9]},
			"faces": {
				"north": {"uv": [9.79688, 11.5, 14.17188, 13.5], "texture": "#8"},
				"east": {"uv": [7, 10.90625, 7.1, 12.90625], "texture": "#8"},
				"west": {"uv": [12.25, 12.84375, 12.53125, 12.84375], "texture": "#8"},
				"up": {"uv": [14.31563, 10.97188, 9.64063, 10.87188], "rotation": 180, "texture": "#9"}
			}
		},
		{
			"name": "px",
			"from": [9.625, 9.65, 10.75],
			"to": [14.175, 11.025, 10.85],
			"rotation": {"angle": 0, "axis": "y", "origin": [20.075, 11.05, 8.9]},
			"faces": {
				"north": {"uv": [9.79688, 11.5, 14.17188, 13.5], "texture": "#8"},
				"east": {"uv": [7, 10.90625, 7.1, 12.90625], "texture": "#8"},
				"west": {"uv": [12.25, 12.84375, 12.53125, 12.84375], "texture": "#8"},
				"up": {"uv": [14.26563, 10.87188, 9.69063, 10.77188], "rotation": 180, "texture": "#9"}
			}
		},
		{
			"name": "px",
			"from": [9.675, 9.65, 10.65],
			"to": [14.125, 11.025, 10.75],
			"rotation": {"angle": 0, "axis": "y", "origin": [20.075, 11.05, 8.8]},
			"faces": {
				"north": {"uv": [9.79688, 11.5, 14.17188, 13.5], "texture": "#8"},
				"east": {"uv": [7, 10.90625, 7.1, 12.90625], "texture": "#8"},
				"west": {"uv": [12.25, 12.84375, 12.53125, 12.84375], "texture": "#8"},
				"up": {"uv": [14.21563, 10.77188, 9.74063, 10.67188], "rotation": 180, "texture": "#9"}
			}
		},
		{
			"name": "px",
			"from": [9.725, 9.65, 10.55],
			"to": [14.075, 11.025, 10.65],
			"rotation": {"angle": 0, "axis": "y", "origin": [20.075, 11.05, 8.7]},
			"faces": {
				"north": {"uv": [9.79688, 11.5, 14.17188, 13.5], "texture": "#8"},
				"east": {"uv": [7, 10.90625, 7.1, 12.90625], "texture": "#8"},
				"west": {"uv": [12.25, 12.84375, 12.53125, 12.84375], "texture": "#8"},
				"up": {"uv": [14.16563, 10.67188, 9.79063, 10.57188], "rotation": 180, "texture": "#9"}
			}
		},
		{
			"name": "px",
			"from": [9.775, 9.65, 10.45],
			"to": [14.025, 11.025, 10.55],
			"rotation": {"angle": 0, "axis": "y", "origin": [20.075, 11.05, 8.6]},
			"faces": {
				"north": {"uv": [9.79688, 11.5, 14.17188, 13.5], "texture": "#8"},
				"east": {"uv": [7, 10.90625, 7.1, 12.90625], "texture": "#8"},
				"west": {"uv": [12.25, 12.84375, 12.53125, 12.84375], "texture": "#8"},
				"up": {"uv": [14.11563, 10.57188, 9.84062, 10.47188], "rotation": 180, "texture": "#9"}
			}
		},
		{
			"name": "px",
			"from": [9.85, 9.65, 10.35],
			"to": [13.95, 11.025, 10.45],
			"rotation": {"angle": 0, "axis": "y", "origin": [20.075, 11.05, 8.5]},
			"faces": {
				"north": {"uv": [9.79688, 11.5, 14.17188, 13.5], "texture": "#8"},
				"east": {"uv": [7, 10.90625, 7.1, 12.90625], "texture": "#8"},
				"west": {"uv": [12.25, 12.84375, 12.53125, 12.84375], "texture": "#8"},
				"up": {"uv": [14.04063, 10.47188, 9.91563, 10.37187], "rotation": 180, "texture": "#9"}
			}
		},
		{
			"name": "px",
			"from": [9.925, 9.65, 10.25],
			"to": [13.875, 11.025, 10.35],
			"rotation": {"angle": 0, "axis": "y", "origin": [20.075, 11.05, 8.4]},
			"faces": {
				"north": {"uv": [9.79688, 11.5, 14.17188, 13.5], "texture": "#8"},
				"east": {"uv": [7, 10.90625, 7.1, 12.90625], "texture": "#8"},
				"west": {"uv": [12.25, 12.84375, 12.53125, 12.84375], "texture": "#8"},
				"up": {"uv": [13.96563, 10.37187, 9.99063, 10.27188], "rotation": 180, "texture": "#9"}
			}
		},
		{
			"name": "px",
			"from": [10, 9.65, 10.15],
			"to": [13.8, 11.025, 10.25],
			"rotation": {"angle": 0, "axis": "y", "origin": [20.075, 11.05, 8.3]},
			"faces": {
				"north": {"uv": [9.79688, 11.5, 14.17188, 13.5], "texture": "#8"},
				"east": {"uv": [7, 10.90625, 7.1, 12.90625], "texture": "#8"},
				"west": {"uv": [12.25, 12.84375, 12.53125, 12.84375], "texture": "#8"},
				"up": {"uv": [13.89063, 10.27188, 10.06563, 10.17188], "rotation": 180, "texture": "#9"}
			}
		},
		{
			"name": "px",
			"from": [10.05, 9.65, 10.05],
			"to": [13.7, 11.025, 10.15],
			"rotation": {"angle": 0, "axis": "y", "origin": [20.1, 11.05, 8.2]},
			"faces": {
				"north": {"uv": [9.79688, 11.5, 14.17188, 13.5], "texture": "#8"},
				"east": {"uv": [7, 10.90625, 7.1, 12.90625], "texture": "#8"},
				"west": {"uv": [12.25, 12.84375, 12.53125, 12.84375], "texture": "#8"},
				"up": {"uv": [13.79063, 10.17188, 10.11563, 10.07188], "rotation": 180, "texture": "#9"}
			}
		},
		{
			"name": "px",
			"from": [10.3, 9.65, 9.85],
			"to": [13.475, 11.025, 9.95],
			"rotation": {"angle": 0, "axis": "y", "origin": [19.875, 11.05, 8.2]},
			"faces": {
				"north": {"uv": [9.79688, 11.5, 14.17188, 13.5], "texture": "#8"},
				"east": {"uv": [7, 10.90625, 7.1, 12.90625], "texture": "#8"},
				"west": {"uv": [12.25, 12.84375, 12.53125, 12.84375], "texture": "#8"},
				"up": {"uv": [13.56563, 9.97188, 10.36563, 9.87187], "rotation": 180, "texture": "#9"}
			}
		},
		{
			"name": "px",
			"from": [10.175, 9.65, 9.95],
			"to": [13.6, 11.025, 10.05],
			"rotation": {"angle": 0, "axis": "y", "origin": [20, 11.05, 8.2]},
			"faces": {
				"north": {"uv": [9.79688, 11.5, 14.17188, 13.5], "texture": "#8"},
				"east": {"uv": [7, 10.90625, 7.1, 12.90625], "texture": "#8"},
				"west": {"uv": [12.25, 12.84375, 12.53125, 12.84375], "texture": "#8"},
				"up": {"uv": [13.69063, 10.07188, 10.24063, 9.97188], "rotation": 180, "texture": "#9"}
			}
		},
		{
			"name": "px",
			"from": [10.4, 9.65, 9.75],
			"to": [13.325, 11.025, 9.85],
			"rotation": {"angle": 0, "axis": "y", "origin": [19.725, 11.05, 8.2]},
			"faces": {
				"north": {"uv": [9.79688, 11.5, 14.17188, 13.5], "texture": "#8"},
				"east": {"uv": [7, 10.90625, 7.1, 12.90625], "texture": "#8"},
				"west": {"uv": [12.25, 12.84375, 12.53125, 12.84375], "texture": "#8"},
				"up": {"uv": [13.41563, 9.87187, 10.46562, 9.77188], "rotation": 180, "texture": "#9"}
			}
		},
		{
			"name": "px",
			"from": [10.525, 9.65, 9.65],
			"to": [13.2, 11.025, 9.75],
			"rotation": {"angle": 0, "axis": "y", "origin": [19.85, 11.05, 8.2]},
			"faces": {
				"north": {"uv": [9.79688, 11.5, 14.17188, 13.5], "texture": "#8"},
				"east": {"uv": [7, 10.90625, 7.1, 12.90625], "texture": "#8"},
				"west": {"uv": [12.25, 12.84375, 12.53125, 12.84375], "texture": "#8"},
				"up": {"uv": [13.29063, 9.77188, 10.59063, 9.67188], "rotation": 180, "texture": "#9"}
			}
		},
		{
			"name": "px",
			"from": [10.775, 9.65, 9.55],
			"to": [12.975, 11.025, 9.65],
			"rotation": {"angle": 0, "axis": "y", "origin": [19.85, 11.05, 8.2]},
			"faces": {
				"north": {"uv": [9.79688, 11.5, 14.17188, 13.5], "texture": "#8"},
				"east": {"uv": [7, 10.90625, 7.1, 12.90625], "texture": "#8"},
				"west": {"uv": [12.25, 12.84375, 12.53125, 12.84375], "texture": "#8"},
				"up": {"uv": [13.06563, 9.67188, 10.84063, 9.57188], "rotation": 180, "texture": "#9"}
			}
		},
		{
			"name": "px",
			"from": [11.025, 9.65, 9.475],
			"to": [12.75, 11.025, 9.55],
			"rotation": {"angle": 0, "axis": "y", "origin": [19.85, 11.05, 8.2]},
			"faces": {
				"north": {"uv": [9.79688, 11.5, 14.17188, 13.5], "texture": "#8"},
				"east": {"uv": [7, 10.90625, 7.075, 12.90625], "texture": "#8"},
				"west": {"uv": [12.25, 12.84375, 12.53125, 12.84375], "texture": "#8"},
				"up": {"uv": [12.84063, 9.57188, 11.09063, 9.49687], "rotation": 180, "texture": "#9"}
			}
		},
		{
			"name": "px",
			"from": [11.275, 9.65, 9.4],
			"to": [12.45, 11.025, 9.475],
			"rotation": {"angle": 0, "axis": "y", "origin": [19.85, 11.05, 8.225]},
			"faces": {
				"north": {"uv": [9.79688, 11.5, 14.17188, 13.5], "texture": "#8"},
				"east": {"uv": [7, 10.90625, 7.075, 12.90625], "texture": "#8"},
				"west": {"uv": [12.25, 12.84375, 12.53125, 12.84375], "texture": "#8"},
				"up": {"uv": [12.54063, 9.49687, 11.34063, 9.42188], "rotation": 180, "texture": "#9"}
			}
		},
		{
			"name": "px",
			"from": [1.325, 9.65, 3.775],
			"to": [6.4, 11.025, 4.1],
			"rotation": {"angle": 0, "axis": "y", "origin": [3.625, 11.05, -2.05]},
			"faces": {
				"north": {"uv": [9.79688, 11.5, 14.17188, 13.5], "texture": "#8"},
				"east": {"uv": [7, 10.90625, 7.275, 12.90625], "texture": "#8"},
				"west": {"uv": [12.25, 12.84375, 12.53125, 12.84375], "texture": "#8"},
				"up": {"uv": [9.39063, 11.84688, 14.46563, 12.12188], "texture": "#9"}
			}
		},
		{
			"name": "px",
			"from": [1.325, 9.65, 4.1],
			"to": [6.4, 11.025, 4.3],
			"rotation": {"angle": 0, "axis": "y", "origin": [3.625, 11.05, -1.95]},
			"faces": {
				"east": {"uv": [7, 10.90625, 7.2, 12.90625], "texture": "#8"},
				"south": {"uv": [2.09375, 12.25, 7.17188, 14.25], "texture": "#8"},
				"west": {"uv": [12.25, 12.84375, 12.53125, 12.84375], "texture": "#8"},
				"up": {"uv": [9.39063, 12.12188, 14.46563, 12.32188], "texture": "#9"}
			}
		},
		{
			"name": "px",
			"from": [1.35, 9.65, 4.3],
			"to": [6.375, 11.025, 4.425],
			"rotation": {"angle": 0, "axis": "y", "origin": [3.625, 11.05, -1.75]},
			"faces": {
				"east": {"uv": [7, 10.90625, 7.125, 12.90625], "texture": "#8"},
				"south": {"uv": [2.09375, 12.25, 7.17188, 14.25], "texture": "#8"},
				"west": {"uv": [12.25, 12.84375, 12.53125, 12.84375], "texture": "#8"},
				"up": {"uv": [9.41563, 12.32188, 14.44063, 12.44688], "texture": "#9"}
			}
		},
		{
			"name": "px",
			"from": [1.4, 9.65, 4.525],
			"to": [6.325, 11.025, 4.625],
			"rotation": {"angle": 0, "axis": "y", "origin": [3.625, 11.05, -1.525]},
			"faces": {
				"east": {"uv": [7, 10.90625, 7.1, 12.90625], "texture": "#8"},
				"south": {"uv": [2.09375, 12.25, 7.17188, 14.25], "texture": "#8"},
				"west": {"uv": [12.25, 12.84375, 12.53125, 12.84375], "texture": "#8"},
				"up": {"uv": [9.46562, 12.54688, 14.39063, 12.64688], "texture": "#9"}
			}
		},
		{
			"name": "px",
			"from": [1.375, 9.65, 4.425],
			"to": [6.35, 11.025, 4.525],
			"rotation": {"angle": 0, "axis": "y", "origin": [3.625, 11.05, -1.625]},
			"faces": {
				"east": {"uv": [7, 10.90625, 7.1, 12.90625], "texture": "#8"},
				"south": {"uv": [2.09375, 12.25, 7.17188, 14.25], "texture": "#8"},
				"west": {"uv": [12.25, 12.84375, 12.53125, 12.84375], "texture": "#8"},
				"up": {"uv": [9.44063, 12.44688, 14.41563, 12.54688], "texture": "#9"}
			}
		},
		{
			"name": "px",
			"from": [1.425, 9.65, 4.625],
			"to": [6.3, 11.025, 4.725],
			"rotation": {"angle": 0, "axis": "y", "origin": [3.625, 11.05, -1.425]},
			"faces": {
				"east": {"uv": [7, 10.90625, 7.1, 12.90625], "texture": "#8"},
				"south": {"uv": [2.09375, 12.25, 7.17188, 14.25], "texture": "#8"},
				"west": {"uv": [12.25, 12.84375, 12.53125, 12.84375], "texture": "#8"},
				"up": {"uv": [9.49063, 12.64688, 14.36563, 12.74688], "texture": "#9"}
			}
		},
		{
			"name": "px",
			"from": [1.5, 9.65, 4.825],
			"to": [6.25, 11.025, 4.925],
			"rotation": {"angle": 0, "axis": "y", "origin": [3.625, 11.05, -1.225]},
			"faces": {
				"east": {"uv": [7, 10.90625, 7.1, 12.90625], "texture": "#8"},
				"south": {"uv": [2.09375, 12.25, 7.17188, 14.25], "texture": "#8"},
				"west": {"uv": [12.25, 12.84375, 12.53125, 12.84375], "texture": "#8"},
				"up": {"uv": [9.56563, 12.84688, 14.31563, 12.94688], "texture": "#9"}
			}
		},
		{
			"name": "px",
			"from": [1.475, 9.65, 4.725],
			"to": [6.275, 11.025, 4.825],
			"rotation": {"angle": 0, "axis": "y", "origin": [3.625, 11.05, -1.325]},
			"faces": {
				"east": {"uv": [7, 10.90625, 7.1, 12.90625], "texture": "#8"},
				"south": {"uv": [2.09375, 12.25, 7.17188, 14.25], "texture": "#8"},
				"west": {"uv": [12.25, 12.84375, 12.53125, 12.84375], "texture": "#8"},
				"up": {"uv": [9.54063, 12.74688, 14.34063, 12.84688], "texture": "#9"}
			}
		},
		{
			"name": "px",
			"from": [1.525, 9.65, 4.925],
			"to": [6.2, 11.025, 5.025],
			"rotation": {"angle": 0, "axis": "y", "origin": [3.625, 11.05, -1.125]},
			"faces": {
				"east": {"uv": [7, 10.90625, 7.1, 12.90625], "texture": "#8"},
				"south": {"uv": [2.09375, 12.25, 7.17188, 14.25], "texture": "#8"},
				"west": {"uv": [12.25, 12.84375, 12.53125, 12.84375], "texture": "#8"},
				"up": {"uv": [9.59062, 12.94688, 14.26563, 13.04688], "texture": "#9"}
			}
		},
		{
			"name": "px",
			"from": [1.575, 9.65, 5.025],
			"to": [6.15, 11.025, 5.125],
			"rotation": {"angle": 0, "axis": "y", "origin": [3.625, 11.05, -1.025]},
			"faces": {
				"east": {"uv": [7, 10.90625, 7.1, 12.90625], "texture": "#8"},
				"south": {"uv": [2.09375, 12.25, 7.17188, 14.25], "texture": "#8"},
				"west": {"uv": [12.25, 12.84375, 12.53125, 12.84375], "texture": "#8"},
				"up": {"uv": [9.64063, 13.04688, 14.21563, 13.14688], "texture": "#9"}
			}
		},
		{
			"name": "px",
			"from": [1.625, 9.65, 5.125],
			"to": [6.1, 11.025, 5.225],
			"rotation": {"angle": 0, "axis": "y", "origin": [3.625, 11.05, -0.925]},
			"faces": {
				"east": {"uv": [7, 10.90625, 7.1, 12.90625], "texture": "#8"},
				"south": {"uv": [2.09375, 12.25, 7.17188, 14.25], "texture": "#8"},
				"west": {"uv": [12.25, 12.84375, 12.53125, 12.84375], "texture": "#8"},
				"up": {"uv": [9.69063, 13.14688, 14.16563, 13.24688], "texture": "#9"}
			}
		},
		{
			"name": "px",
			"from": [1.675, 9.65, 5.225],
			"to": [6.05, 11.025, 5.325],
			"rotation": {"angle": 0, "axis": "y", "origin": [3.625, 11.05, -0.825]},
			"faces": {
				"east": {"uv": [7, 10.90625, 7.1, 12.90625], "texture": "#8"},
				"south": {"uv": [3.15625, 13.34375, 7.53125, 13.34375], "texture": "#8"},
				"west": {"uv": [12.25, 12.84375, 12.53125, 12.84375], "texture": "#8"},
				"up": {"uv": [9.74063, 13.24688, 14.11563, 13.34688], "texture": "#9"}
			}
		},
		{
			"name": "px",
			"from": [1.725, 9.65, 5.325],
			"to": [6, 11.025, 5.425],
			"rotation": {"angle": 0, "axis": "y", "origin": [3.625, 11.05, -0.725]},
			"faces": {
				"east": {"uv": [7, 10.90625, 7.1, 12.90625], "texture": "#8"},
				"south": {"uv": [2.09375, 12.25, 7.17188, 14.25], "texture": "#8"},
				"west": {"uv": [12.25, 12.84375, 12.53125, 12.84375], "texture": "#8"},
				"up": {"uv": [9.79063, 13.34688, 14.06563, 13.44688], "texture": "#9"}
			}
		},
		{
			"name": "px",
			"from": [1.8, 9.65, 5.425],
			"to": [5.925, 11.025, 5.525],
			"rotation": {"angle": 0, "axis": "y", "origin": [3.625, 11.05, -0.625]},
			"faces": {
				"east": {"uv": [7, 10.90625, 7.1, 12.90625], "texture": "#8"},
				"south": {"uv": [2.09375, 12.25, 7.17188, 14.25], "texture": "#8"},
				"west": {"uv": [12.25, 12.84375, 12.53125, 12.84375], "texture": "#8"},
				"up": {"uv": [9.86563, 13.44688, 13.99063, 13.54688], "texture": "#9"}
			}
		},
		{
			"name": "px",
			"from": [1.875, 9.65, 5.525],
			"to": [5.85, 11.025, 5.625],
			"rotation": {"angle": 0, "axis": "y", "origin": [3.625, 11.05, -0.525]},
			"faces": {
				"east": {"uv": [7, 10.90625, 7.1, 12.90625], "texture": "#8"},
				"south": {"uv": [2.09375, 12.25, 7.17188, 14.25], "texture": "#8"},
				"west": {"uv": [12.25, 12.84375, 12.53125, 12.84375], "texture": "#8"},
				"up": {"uv": [9.94063, 13.54688, 13.91563, 13.64688], "texture": "#9"}
			}
		},
		{
			"name": "px",
			"from": [1.95, 9.65, 5.625],
			"to": [5.775, 11.025, 5.725],
			"rotation": {"angle": 0, "axis": "y", "origin": [3.625, 11.05, -0.425]},
			"faces": {
				"east": {"uv": [7, 10.90625, 7.1, 12.90625], "texture": "#8"},
				"south": {"uv": [2.09375, 12.25, 7.17188, 14.25], "texture": "#8"},
				"west": {"uv": [12.25, 12.84375, 12.53125, 12.84375], "texture": "#8"},
				"up": {"uv": [10.01563, 13.64688, 13.84063, 13.74688], "texture": "#9"}
			}
		},
		{
			"name": "px",
			"from": [2.05, 9.65, 5.725],
			"to": [5.725, 11.025, 5.825],
			"rotation": {"angle": 0, "axis": "y", "origin": [3.6, 11.05, -0.325]},
			"faces": {
				"east": {"uv": [7, 10.90625, 7.1, 12.90625], "texture": "#8"},
				"south": {"uv": [2.09375, 12.25, 7.17188, 14.25], "texture": "#8"},
				"west": {"uv": [12.25, 12.84375, 12.53125, 12.84375], "texture": "#8"},
				"up": {"uv": [10.11563, 13.74688, 13.79063, 13.84688], "texture": "#9"}
			}
		},
		{
			"name": "px",
			"from": [2.275, 9.65, 5.925],
			"to": [5.475, 11.025, 6.025],
			"rotation": {"angle": 0, "axis": "y", "origin": [3.825, 11.05, -0.325]},
			"faces": {
				"east": {"uv": [7, 10.90625, 7.1, 12.90625], "texture": "#8"},
				"south": {"uv": [2.09375, 12.25, 7.17188, 14.25], "texture": "#8"},
				"west": {"uv": [12.25, 12.84375, 12.53125, 12.84375], "texture": "#8"},
				"up": {"uv": [10.34062, 13.94688, 13.54063, 14.04688], "texture": "#9"}
			}
		},
		{
			"name": "px",
			"from": [2.15, 9.65, 5.825],
			"to": [5.6, 11.025, 5.925],
			"rotation": {"angle": 0, "axis": "y", "origin": [3.7, 11.05, -0.325]},
			"faces": {
				"east": {"uv": [7, 10.90625, 7.1, 12.90625], "texture": "#8"},
				"south": {"uv": [2.09375, 12.25, 7.17188, 14.25], "texture": "#8"},
				"west": {"uv": [12.25, 12.84375, 12.53125, 12.84375], "texture": "#8"},
				"up": {"uv": [10.21562, 13.84688, 13.66563, 13.94688], "texture": "#9"}
			}
		},
		{
			"name": "px",
			"from": [2.425, 9.65, 6.025],
			"to": [5.375, 11.025, 6.125],
			"rotation": {"angle": 0, "axis": "y", "origin": [3.975, 11.05, -0.325]},
			"faces": {
				"east": {"uv": [7, 10.90625, 7.1, 12.90625], "texture": "#8"},
				"south": {"uv": [2.09375, 12.25, 7.17188, 14.25], "texture": "#8"},
				"west": {"uv": [12.25, 12.84375, 12.53125, 12.84375], "texture": "#8"},
				"up": {"uv": [10.49063, 14.04688, 13.44063, 14.14688], "texture": "#9"}
			}
		},
		{
			"name": "px",
			"from": [2.55, 9.65, 6.125],
			"to": [5.25, 11.025, 6.225],
			"rotation": {"angle": 0, "axis": "y", "origin": [3.85, 11.05, -0.325]},
			"faces": {
				"east": {"uv": [7, 10.90625, 7.1, 12.90625], "texture": "#8"},
				"south": {"uv": [2.09375, 12.25, 7.17188, 14.25], "texture": "#8"},
				"west": {"uv": [12.25, 12.84375, 12.53125, 12.84375], "texture": "#8"},
				"up": {"uv": [10.61563, 14.14688, 13.31563, 14.24688], "texture": "#9"}
			}
		},
		{
			"name": "px",
			"from": [2.775, 9.65, 6.225],
			"to": [5, 11.025, 6.325],
			"rotation": {"angle": 0, "axis": "y", "origin": [3.85, 11.05, -0.325]},
			"faces": {
				"east": {"uv": [7, 10.90625, 7.1, 12.90625], "texture": "#8"},
				"south": {"uv": [2.09375, 12.25, 7.17188, 14.25], "texture": "#8"},
				"west": {"uv": [12.25, 12.84375, 12.53125, 12.84375], "texture": "#8"},
				"up": {"uv": [10.84063, 14.24688, 13.06563, 14.34688], "texture": "#9"}
			}
		},
		{
			"name": "px",
			"from": [3, 9.65, 6.325],
			"to": [4.75, 11.025, 6.4],
			"rotation": {"angle": 0, "axis": "y", "origin": [3.85, 11.05, -0.325]},
			"faces": {
				"east": {"uv": [7, 10.90625, 7.075, 12.90625], "texture": "#8"},
				"south": {"uv": [2.09375, 12.25, 7.17188, 14.25], "texture": "#8"},
				"west": {"uv": [12.25, 12.84375, 12.53125, 12.84375], "texture": "#8"},
				"up": {"uv": [11.06563, 14.34688, 12.81563, 14.42188], "texture": "#9"}
			}
		},
		{
			"name": "px",
			"from": [3.3, 9.65, 6.4],
			"to": [4.5, 11.025, 6.475],
			"rotation": {"angle": 0, "axis": "y", "origin": [3.85, 11.05, -0.35]},
			"faces": {
				"east": {"uv": [7, 10.90625, 7.075, 12.90625], "texture": "#8"},
				"south": {"uv": [2.09375, 12.25, 7.17188, 14.25], "texture": "#8"},
				"west": {"uv": [12.25, 12.84375, 12.53125, 12.84375], "texture": "#8"},
				"up": {"uv": [11.36563, 14.42188, 12.56563, 14.49688], "texture": "#9"}
			}
		},
		{
			"name": "px",
			"from": [1.375, 9.65, 3.575],
			"to": [6.425, 11.025, 3.775],
			"rotation": {"angle": 0, "axis": "y", "origin": [20.075, 11.05, 9.825]},
			"faces": {
				"north": {"uv": [9.79688, 11.5, 14.17188, 13.5], "texture": "#8"},
				"east": {"uv": [7, 10.90625, 7.2, 12.90625], "texture": "#8"},
				"south": {"uv": [3.45313, 4.04688, 12, 7.04688], "texture": "#8"},
				"west": {"uv": [12.25, 12.84375, 12.53125, 12.84375], "texture": "#8"},
				"up": {"uv": [14.51563, 11.79688, 9.44063, 11.59688], "rotation": 180, "texture": "#9"}
			}
		},
		{
			"name": "px",
			"from": [1.4, 9.65, 3.45],
			"to": [6.4, 11.025, 3.575],
			"rotation": {"angle": 0, "axis": "y", "origin": [20.075, 11.05, 9.625]},
			"faces": {
				"north": {"uv": [9.79688, 11.5, 14.17188, 13.5], "texture": "#8"},
				"east": {"uv": [7, 10.90625, 7.125, 12.90625], "texture": "#8"},
				"west": {"uv": [12.25, 12.84375, 12.53125, 12.84375], "texture": "#8"},
				"up": {"uv": [14.49063, 11.59688, 9.46562, 11.47188], "rotation": 180, "texture": "#9"}
			}
		},
		{
			"name": "px",
			"from": [1.45, 9.65, 3.25],
			"to": [6.35, 11.025, 3.35],
			"rotation": {"angle": 0, "axis": "y", "origin": [20.075, 11.05, 9.4]},
			"faces": {
				"north": {"uv": [9.79688, 11.5, 14.17188, 13.5], "texture": "#8"},
				"east": {"uv": [7, 10.90625, 7.1, 12.90625], "texture": "#8"},
				"west": {"uv": [12.25, 12.84375, 12.53125, 12.84375], "texture": "#8"},
				"up": {"uv": [14.44063, 11.37188, 9.51563, 11.27188], "rotation": 180, "texture": "#9"}
			}
		},
		{
			"name": "px",
			"from": [1.425, 9.65, 3.35],
			"to": [6.375, 11.025, 3.45],
			"rotation": {"angle": 0, "axis": "y", "origin": [20.075, 11.05, 9.5]},
			"faces": {
				"north": {"uv": [9.79688, 11.5, 14.17188, 13.5], "texture": "#8"},
				"east": {"uv": [7, 10.90625, 7.1, 12.90625], "texture": "#8"},
				"west": {"uv": [12.25, 12.84375, 12.53125, 12.84375], "texture": "#8"},
				"up": {"uv": [14.46563, 11.47188, 9.49063, 11.37188], "rotation": 180, "texture": "#9"}
			}
		},
		{
			"name": "px",
			"from": [1.475, 9.65, 3.15],
			"to": [6.325, 11.025, 3.25],
			"rotation": {"angle": 0, "axis": "y", "origin": [20.075, 11.05, 9.3]},
			"faces": {
				"north": {"uv": [9.79688, 11.5, 14.17188, 13.5], "texture": "#8"},
				"east": {"uv": [7, 10.90625, 7.1, 12.90625], "texture": "#8"},
				"west": {"uv": [12.25, 12.84375, 12.53125, 12.84375], "texture": "#8"},
				"up": {"uv": [14.41563, 11.27188, 9.54063, 11.17188], "rotation": 180, "texture": "#9"}
			}
		},
		{
			"name": "px",
			"from": [1.525, 9.65, 2.95],
			"to": [6.25, 11.025, 3.05],
			"rotation": {"angle": 0, "axis": "y", "origin": [20.075, 11.05, 9.1]},
			"faces": {
				"north": {"uv": [9.79688, 11.5, 14.17188, 13.5], "texture": "#8"},
				"east": {"uv": [7, 10.90625, 7.1, 12.90625], "texture": "#8"},
				"west": {"uv": [12.25, 12.84375, 12.53125, 12.84375], "texture": "#8"},
				"up": {"uv": [14.34063, 11.07188, 9.59062, 10.97188], "rotation": 180, "texture": "#9"}
			}
		},
		{
			"name": "px",
			"from": [1.5, 9.65, 3.05],
			"to": [6.275, 11.025, 3.15],
			"rotation": {"angle": 0, "axis": "y", "origin": [20.075, 11.05, 9.2]},
			"faces": {
				"north": {"uv": [9.79688, 11.5, 14.17188, 13.5], "texture": "#8"},
				"east": {"uv": [7, 10.90625, 7.1, 12.90625], "texture": "#8"},
				"west": {"uv": [12.25, 12.84375, 12.53125, 12.84375], "texture": "#8"},
				"up": {"uv": [14.36563, 11.17188, 9.56563, 11.07188], "rotation": 180, "texture": "#9"}
			}
		},
		{
			"name": "px",
			"from": [1.575, 9.65, 2.85],
			"to": [6.225, 11.025, 2.95],
			"rotation": {"angle": 0, "axis": "y", "origin": [20.075, 11.05, 9]},
			"faces": {
				"north": {"uv": [9.79688, 11.5, 14.17188, 13.5], "texture": "#8"},
				"east": {"uv": [7, 10.90625, 7.1, 12.90625], "texture": "#8"},
				"west": {"uv": [12.25, 12.84375, 12.53125, 12.84375], "texture": "#8"},
				"up": {"uv": [14.31563, 10.97188, 9.64063, 10.87188], "rotation": 180, "texture": "#9"}
			}
		},
		{
			"name": "px",
			"from": [1.625, 9.65, 2.75],
			"to": [6.175, 11.025, 2.85],
			"rotation": {"angle": 0, "axis": "y", "origin": [20.075, 11.05, 8.9]},
			"faces": {
				"north": {"uv": [9.79688, 11.5, 14.17188, 13.5], "texture": "#8"},
				"east": {"uv": [7, 10.90625, 7.1, 12.90625], "texture": "#8"},
				"west": {"uv": [12.25, 12.84375, 12.53125, 12.84375], "texture": "#8"},
				"up": {"uv": [14.26563, 10.87188, 9.69063, 10.77188], "rotation": 180, "texture": "#9"}
			}
		},
		{
			"name": "px",
			"from": [1.675, 9.65, 2.65],
			"to": [6.125, 11.025, 2.75],
			"rotation": {"angle": 0, "axis": "y", "origin": [20.075, 11.05, 8.8]},
			"faces": {
				"north": {"uv": [9.79688, 11.5, 14.17188, 13.5], "texture": "#8"},
				"east": {"uv": [7, 10.90625, 7.1, 12.90625], "texture": "#8"},
				"west": {"uv": [12.25, 12.84375, 12.53125, 12.84375], "texture": "#8"},
				"up": {"uv": [14.21563, 10.77188, 9.74063, 10.67188], "rotation": 180, "texture": "#9"}
			}
		},
		{
			"name": "px",
			"from": [1.725, 9.65, 2.55],
			"to": [6.075, 11.025, 2.65],
			"rotation": {"angle": 0, "axis": "y", "origin": [20.075, 11.05, 8.7]},
			"faces": {
				"north": {"uv": [9.79688, 11.5, 14.17188, 13.5], "texture": "#8"},
				"east": {"uv": [7, 10.90625, 7.1, 12.90625], "texture": "#8"},
				"west": {"uv": [12.25, 12.84375, 12.53125, 12.84375], "texture": "#8"},
				"up": {"uv": [14.16563, 10.67188, 9.79063, 10.57188], "rotation": 180, "texture": "#9"}
			}
		},
		{
			"name": "px",
			"from": [1.775, 9.65, 2.45],
			"to": [6.025, 11.025, 2.55],
			"rotation": {"angle": 0, "axis": "y", "origin": [20.075, 11.05, 8.6]},
			"faces": {
				"north": {"uv": [9.79688, 11.5, 14.17188, 13.5], "texture": "#8"},
				"east": {"uv": [7, 10.90625, 7.1, 12.90625], "texture": "#8"},
				"west": {"uv": [12.25, 12.84375, 12.53125, 12.84375], "texture": "#8"},
				"up": {"uv": [14.11563, 10.57188, 9.84062, 10.47188], "rotation": 180, "texture": "#9"}
			}
		},
		{
			"name": "px",
			"from": [1.85, 9.65, 2.35],
			"to": [5.95, 11.025, 2.45],
			"rotation": {"angle": 0, "axis": "y", "origin": [20.075, 11.05, 8.5]},
			"faces": {
				"north": {"uv": [9.79688, 11.5, 14.17188, 13.5], "texture": "#8"},
				"east": {"uv": [7, 10.90625, 7.1, 12.90625], "texture": "#8"},
				"west": {"uv": [12.25, 12.84375, 12.53125, 12.84375], "texture": "#8"},
				"up": {"uv": [14.04063, 10.47188, 9.91563, 10.37187], "rotation": 180, "texture": "#9"}
			}
		},
		{
			"name": "px",
			"from": [1.925, 9.65, 2.25],
			"to": [5.875, 11.025, 2.35],
			"rotation": {"angle": 0, "axis": "y", "origin": [20.075, 11.05, 8.4]},
			"faces": {
				"north": {"uv": [9.79688, 11.5, 14.17188, 13.5], "texture": "#8"},
				"east": {"uv": [7, 10.90625, 7.1, 12.90625], "texture": "#8"},
				"west": {"uv": [12.25, 12.84375, 12.53125, 12.84375], "texture": "#8"},
				"up": {"uv": [13.96563, 10.37187, 9.99063, 10.27188], "rotation": 180, "texture": "#9"}
			}
		},
		{
			"name": "px",
			"from": [2, 9.65, 2.15],
			"to": [5.8, 11.025, 2.25],
			"rotation": {"angle": 0, "axis": "y", "origin": [20.075, 11.05, 8.3]},
			"faces": {
				"north": {"uv": [9.79688, 11.5, 14.17188, 13.5], "texture": "#8"},
				"east": {"uv": [7, 10.90625, 7.1, 12.90625], "texture": "#8"},
				"west": {"uv": [12.25, 12.84375, 12.53125, 12.84375], "texture": "#8"},
				"up": {"uv": [13.89063, 10.27188, 10.06563, 10.17188], "rotation": 180, "texture": "#9"}
			}
		},
		{
			"name": "px",
			"from": [2.05, 9.65, 2.05],
			"to": [5.7, 11.025, 2.15],
			"rotation": {"angle": 0, "axis": "y", "origin": [20.1, 11.05, 8.2]},
			"faces": {
				"north": {"uv": [9.79688, 11.5, 14.17188, 13.5], "texture": "#8"},
				"east": {"uv": [7, 10.90625, 7.1, 12.90625], "texture": "#8"},
				"west": {"uv": [12.25, 12.84375, 12.53125, 12.84375], "texture": "#8"},
				"up": {"uv": [13.79063, 10.17188, 10.11563, 10.07188], "rotation": 180, "texture": "#9"}
			}
		},
		{
			"name": "px",
			"from": [2.3, 9.65, 1.85],
			"to": [5.475, 11.025, 1.95],
			"rotation": {"angle": 0, "axis": "y", "origin": [19.875, 11.05, 8.2]},
			"faces": {
				"north": {"uv": [9.79688, 11.5, 14.17188, 13.5], "texture": "#8"},
				"east": {"uv": [7, 10.90625, 7.1, 12.90625], "texture": "#8"},
				"west": {"uv": [12.25, 12.84375, 12.53125, 12.84375], "texture": "#8"},
				"up": {"uv": [13.56563, 9.97188, 10.36563, 9.87187], "rotation": 180, "texture": "#9"}
			}
		},
		{
			"name": "px",
			"from": [2.175, 9.65, 1.95],
			"to": [5.6, 11.025, 2.05],
			"rotation": {"angle": 0, "axis": "y", "origin": [20, 11.05, 8.2]},
			"faces": {
				"north": {"uv": [9.79688, 11.5, 14.17188, 13.5], "texture": "#8"},
				"east": {"uv": [7, 10.90625, 7.1, 12.90625], "texture": "#8"},
				"west": {"uv": [12.25, 12.84375, 12.53125, 12.84375], "texture": "#8"},
				"up": {"uv": [13.69063, 10.07188, 10.24063, 9.97188], "rotation": 180, "texture": "#9"}
			}
		},
		{
			"name": "px",
			"from": [2.4, 9.65, 1.75],
			"to": [5.325, 11.025, 1.85],
			"rotation": {"angle": 0, "axis": "y", "origin": [19.725, 11.05, 8.2]},
			"faces": {
				"north": {"uv": [9.79688, 11.5, 14.17188, 13.5], "texture": "#8"},
				"east": {"uv": [7, 10.90625, 7.1, 12.90625], "texture": "#8"},
				"west": {"uv": [12.25, 12.84375, 12.53125, 12.84375], "texture": "#8"},
				"up": {"uv": [13.41563, 9.87187, 10.46562, 9.77188], "rotation": 180, "texture": "#9"}
			}
		},
		{
			"name": "px",
			"from": [2.525, 9.65, 1.65],
			"to": [5.2, 11.025, 1.75],
			"rotation": {"angle": 0, "axis": "y", "origin": [19.85, 11.05, 8.2]},
			"faces": {
				"north": {"uv": [9.79688, 11.5, 14.17188, 13.5], "texture": "#8"},
				"east": {"uv": [7, 10.90625, 7.1, 12.90625], "texture": "#8"},
				"west": {"uv": [12.25, 12.84375, 12.53125, 12.84375], "texture": "#8"},
				"up": {"uv": [13.29063, 9.77188, 10.59063, 9.67188], "rotation": 180, "texture": "#9"}
			}
		},
		{
			"name": "px",
			"from": [2.775, 9.65, 1.55],
			"to": [4.975, 11.025, 1.65],
			"rotation": {"angle": 0, "axis": "y", "origin": [19.85, 11.05, 8.2]},
			"faces": {
				"north": {"uv": [9.79688, 11.5, 14.17188, 13.5], "texture": "#8"},
				"east": {"uv": [7, 10.90625, 7.1, 12.90625], "texture": "#8"},
				"west": {"uv": [12.25, 12.84375, 12.53125, 12.84375], "texture": "#8"},
				"up": {"uv": [13.06563, 9.67188, 10.84063, 9.57188], "rotation": 180, "texture": "#9"}
			}
		},
		{
			"name": "px",
			"from": [3.025, 9.65, 1.475],
			"to": [4.75, 11.025, 1.55],
			"rotation": {"angle": 0, "axis": "y", "origin": [19.85, 11.05, 8.2]},
			"faces": {
				"north": {"uv": [9.79688, 11.5, 14.17188, 13.5], "texture": "#8"},
				"east": {"uv": [7, 10.90625, 7.075, 12.90625], "texture": "#8"},
				"west": {"uv": [12.25, 12.84375, 12.53125, 12.84375], "texture": "#8"},
				"up": {"uv": [12.84063, 9.57188, 11.09063, 9.49687], "rotation": 180, "texture": "#9"}
			}
		},
		{
			"name": "px",
			"from": [3.275, 9.65, 1.4],
			"to": [4.45, 11.025, 1.475],
			"rotation": {"angle": 0, "axis": "y", "origin": [19.85, 11.05, 8.225]},
			"faces": {
				"north": {"uv": [9.79688, 11.5, 14.17188, 13.5], "texture": "#8"},
				"east": {"uv": [7, 10.90625, 7.075, 12.90625], "texture": "#8"},
				"west": {"uv": [12.25, 12.84375, 12.53125, 12.84375], "texture": "#8"},
				"up": {"uv": [12.54063, 9.49687, 11.34063, 9.42188], "rotation": 180, "texture": "#9"}
			}
		},
		{
			"name": "px",
			"from": [1.325, 9.65, 11.775],
			"to": [6.4, 11.025, 12.1],
			"rotation": {"angle": 0, "axis": "y", "origin": [3.625, 11.05, -2.05]},
			"faces": {
				"north": {"uv": [9.79688, 11.5, 14.17188, 13.5], "texture": "#1"},
				"east": {"uv": [7, 10.90625, 7.275, 12.90625], "texture": "#1"},
				"west": {"uv": [12.25, 12.84375, 12.53125, 12.84375], "texture": "#1"},
				"up": {"uv": [9.39063, 11.84688, 14.46563, 12.12188], "texture": "#0"}
			}
		},
		{
			"name": "px",
			"from": [1.325, 9.65, 12.1],
			"to": [6.4, 11.025, 12.3],
			"rotation": {"angle": 0, "axis": "y", "origin": [3.625, 11.05, -1.95]},
			"faces": {
				"east": {"uv": [7, 10.90625, 7.2, 12.90625], "texture": "#1"},
				"south": {"uv": [2.09375, 12.25, 7.17188, 14.25], "texture": "#1"},
				"west": {"uv": [12.25, 12.84375, 12.53125, 12.84375], "texture": "#1"},
				"up": {"uv": [9.39063, 12.12188, 14.46563, 12.32188], "texture": "#0"}
			}
		},
		{
			"name": "px",
			"from": [1.35, 9.65, 12.3],
			"to": [6.375, 11.025, 12.425],
			"rotation": {"angle": 0, "axis": "y", "origin": [3.625, 11.05, -1.75]},
			"faces": {
				"east": {"uv": [7, 10.90625, 7.125, 12.90625], "texture": "#1"},
				"south": {"uv": [2.09375, 12.25, 7.17188, 14.25], "texture": "#1"},
				"west": {"uv": [12.25, 12.84375, 12.53125, 12.84375], "texture": "#1"},
				"up": {"uv": [9.41563, 12.32188, 14.44063, 12.44688], "texture": "#0"}
			}
		},
		{
			"name": "px",
			"from": [1.4, 9.65, 12.525],
			"to": [6.325, 11.025, 12.625],
			"rotation": {"angle": 0, "axis": "y", "origin": [3.625, 11.05, -1.525]},
			"faces": {
				"east": {"uv": [7, 10.90625, 7.1, 12.90625], "texture": "#1"},
				"south": {"uv": [2.09375, 12.25, 7.17188, 14.25], "texture": "#1"},
				"west": {"uv": [12.25, 12.84375, 12.53125, 12.84375], "texture": "#1"},
				"up": {"uv": [9.46562, 12.54688, 14.39063, 12.64688], "texture": "#0"}
			}
		},
		{
			"name": "px",
			"from": [1.375, 9.65, 12.425],
			"to": [6.35, 11.025, 12.525],
			"rotation": {"angle": 0, "axis": "y", "origin": [3.625, 11.05, -1.625]},
			"faces": {
				"east": {"uv": [7, 10.90625, 7.1, 12.90625], "texture": "#1"},
				"south": {"uv": [2.09375, 12.25, 7.17188, 14.25], "texture": "#1"},
				"west": {"uv": [12.25, 12.84375, 12.53125, 12.84375], "texture": "#1"},
				"up": {"uv": [9.44063, 12.44688, 14.41563, 12.54688], "texture": "#0"}
			}
		},
		{
			"name": "px",
			"from": [1.425, 9.65, 12.625],
			"to": [6.3, 11.025, 12.725],
			"rotation": {"angle": 0, "axis": "y", "origin": [3.625, 11.05, -1.425]},
			"faces": {
				"east": {"uv": [7, 10.90625, 7.1, 12.90625], "texture": "#1"},
				"south": {"uv": [2.09375, 12.25, 7.17188, 14.25], "texture": "#1"},
				"west": {"uv": [12.25, 12.84375, 12.53125, 12.84375], "texture": "#1"},
				"up": {"uv": [9.49063, 12.64688, 14.36563, 12.74688], "texture": "#0"}
			}
		},
		{
			"name": "px",
			"from": [1.5, 9.65, 12.825],
			"to": [6.25, 11.025, 12.925],
			"rotation": {"angle": 0, "axis": "y", "origin": [3.625, 11.05, -1.225]},
			"faces": {
				"east": {"uv": [7, 10.90625, 7.1, 12.90625], "texture": "#1"},
				"south": {"uv": [2.09375, 12.25, 7.17188, 14.25], "texture": "#1"},
				"west": {"uv": [12.25, 12.84375, 12.53125, 12.84375], "texture": "#1"},
				"up": {"uv": [9.56563, 12.84688, 14.31563, 12.94688], "texture": "#0"}
			}
		},
		{
			"name": "px",
			"from": [1.475, 9.65, 12.725],
			"to": [6.275, 11.025, 12.825],
			"rotation": {"angle": 0, "axis": "y", "origin": [3.625, 11.05, -1.325]},
			"faces": {
				"east": {"uv": [7, 10.90625, 7.1, 12.90625], "texture": "#1"},
				"south": {"uv": [2.09375, 12.25, 7.17188, 14.25], "texture": "#1"},
				"west": {"uv": [12.25, 12.84375, 12.53125, 12.84375], "texture": "#1"},
				"up": {"uv": [9.54063, 12.74688, 14.34063, 12.84688], "texture": "#0"}
			}
		},
		{
			"name": "px",
			"from": [1.525, 9.65, 12.925],
			"to": [6.2, 11.025, 13.025],
			"rotation": {"angle": 0, "axis": "y", "origin": [3.625, 11.05, -1.125]},
			"faces": {
				"east": {"uv": [7, 10.90625, 7.1, 12.90625], "texture": "#1"},
				"south": {"uv": [2.09375, 12.25, 7.17188, 14.25], "texture": "#1"},
				"west": {"uv": [12.25, 12.84375, 12.53125, 12.84375], "texture": "#1"},
				"up": {"uv": [9.59062, 12.94688, 14.26563, 13.04688], "texture": "#0"}
			}
		},
		{
			"name": "px",
			"from": [1.575, 9.65, 13.025],
			"to": [6.15, 11.025, 13.125],
			"rotation": {"angle": 0, "axis": "y", "origin": [3.625, 11.05, -1.025]},
			"faces": {
				"east": {"uv": [7, 10.90625, 7.1, 12.90625], "texture": "#1"},
				"south": {"uv": [2.09375, 12.25, 7.17188, 14.25], "texture": "#1"},
				"west": {"uv": [12.25, 12.84375, 12.53125, 12.84375], "texture": "#1"},
				"up": {"uv": [9.64063, 13.04688, 14.21563, 13.14688], "texture": "#0"}
			}
		},
		{
			"name": "px",
			"from": [1.625, 9.65, 13.125],
			"to": [6.1, 11.025, 13.225],
			"rotation": {"angle": 0, "axis": "y", "origin": [3.625, 11.05, -0.925]},
			"faces": {
				"east": {"uv": [7, 10.90625, 7.1, 12.90625], "texture": "#1"},
				"south": {"uv": [2.09375, 12.25, 7.17188, 14.25], "texture": "#1"},
				"west": {"uv": [12.25, 12.84375, 12.53125, 12.84375], "texture": "#1"},
				"up": {"uv": [9.69063, 13.14688, 14.16563, 13.24688], "texture": "#0"}
			}
		},
		{
			"name": "px",
			"from": [1.675, 9.65, 13.225],
			"to": [6.05, 11.025, 13.325],
			"rotation": {"angle": 0, "axis": "y", "origin": [3.625, 11.05, -0.825]},
			"faces": {
				"east": {"uv": [7, 10.90625, 7.1, 12.90625], "texture": "#1"},
				"south": {"uv": [3.15625, 13.34375, 7.53125, 13.34375], "texture": "#1"},
				"west": {"uv": [12.25, 12.84375, 12.53125, 12.84375], "texture": "#1"},
				"up": {"uv": [9.74063, 13.24688, 14.11563, 13.34688], "texture": "#0"}
			}
		},
		{
			"name": "px",
			"from": [1.725, 9.65, 13.325],
			"to": [6, 11.025, 13.425],
			"rotation": {"angle": 0, "axis": "y", "origin": [3.625, 11.05, -0.725]},
			"faces": {
				"east": {"uv": [7, 10.90625, 7.1, 12.90625], "texture": "#1"},
				"south": {"uv": [2.09375, 12.25, 7.17188, 14.25], "texture": "#1"},
				"west": {"uv": [12.25, 12.84375, 12.53125, 12.84375], "texture": "#1"},
				"up": {"uv": [9.79063, 13.34688, 14.06563, 13.44688], "texture": "#0"}
			}
		},
		{
			"name": "px",
			"from": [1.8, 9.65, 13.425],
			"to": [5.925, 11.025, 13.525],
			"rotation": {"angle": 0, "axis": "y", "origin": [3.625, 11.05, -0.625]},
			"faces": {
				"east": {"uv": [7, 10.90625, 7.1, 12.90625], "texture": "#1"},
				"south": {"uv": [2.09375, 12.25, 7.17188, 14.25], "texture": "#1"},
				"west": {"uv": [12.25, 12.84375, 12.53125, 12.84375], "texture": "#1"},
				"up": {"uv": [9.86563, 13.44688, 13.99063, 13.54688], "texture": "#0"}
			}
		},
		{
			"name": "px",
			"from": [1.875, 9.65, 13.525],
			"to": [5.85, 11.025, 13.625],
			"rotation": {"angle": 0, "axis": "y", "origin": [3.625, 11.05, -0.525]},
			"faces": {
				"east": {"uv": [7, 10.90625, 7.1, 12.90625], "texture": "#1"},
				"south": {"uv": [2.09375, 12.25, 7.17188, 14.25], "texture": "#1"},
				"west": {"uv": [12.25, 12.84375, 12.53125, 12.84375], "texture": "#1"},
				"up": {"uv": [9.94063, 13.54688, 13.91563, 13.64688], "texture": "#0"}
			}
		},
		{
			"name": "px",
			"from": [1.95, 9.65, 13.625],
			"to": [5.775, 11.025, 13.725],
			"rotation": {"angle": 0, "axis": "y", "origin": [3.625, 11.05, -0.425]},
			"faces": {
				"east": {"uv": [7, 10.90625, 7.1, 12.90625], "texture": "#1"},
				"south": {"uv": [2.09375, 12.25, 7.17188, 14.25], "texture": "#1"},
				"west": {"uv": [12.25, 12.84375, 12.53125, 12.84375], "texture": "#1"},
				"up": {"uv": [10.01563, 13.64688, 13.84063, 13.74688], "texture": "#0"}
			}
		},
		{
			"name": "px",
			"from": [2.05, 9.65, 13.725],
			"to": [5.725, 11.025, 13.825],
			"rotation": {"angle": 0, "axis": "y", "origin": [3.6, 11.05, -0.325]},
			"faces": {
				"east": {"uv": [7, 10.90625, 7.1, 12.90625], "texture": "#1"},
				"south": {"uv": [2.09375, 12.25, 7.17188, 14.25], "texture": "#1"},
				"west": {"uv": [12.25, 12.84375, 12.53125, 12.84375], "texture": "#1"},
				"up": {"uv": [10.11563, 13.74688, 13.79063, 13.84688], "texture": "#0"}
			}
		},
		{
			"name": "px",
			"from": [2.275, 9.65, 13.925],
			"to": [5.475, 11.025, 14.025],
			"rotation": {"angle": 0, "axis": "y", "origin": [3.825, 11.05, -0.325]},
			"faces": {
				"east": {"uv": [7, 10.90625, 7.1, 12.90625], "texture": "#1"},
				"south": {"uv": [2.09375, 12.25, 7.17188, 14.25], "texture": "#1"},
				"west": {"uv": [12.25, 12.84375, 12.53125, 12.84375], "texture": "#1"},
				"up": {"uv": [10.34062, 13.94688, 13.54063, 14.04688], "texture": "#0"}
			}
		},
		{
			"name": "px",
			"from": [2.15, 9.65, 13.825],
			"to": [5.6, 11.025, 13.925],
			"rotation": {"angle": 0, "axis": "y", "origin": [3.7, 11.05, -0.325]},
			"faces": {
				"east": {"uv": [7, 10.90625, 7.1, 12.90625], "texture": "#1"},
				"south": {"uv": [2.09375, 12.25, 7.17188, 14.25], "texture": "#1"},
				"west": {"uv": [12.25, 12.84375, 12.53125, 12.84375], "texture": "#1"},
				"up": {"uv": [10.21562, 13.84688, 13.66563, 13.94688], "texture": "#0"}
			}
		},
		{
			"name": "px",
			"from": [2.425, 9.65, 14.025],
			"to": [5.375, 11.025, 14.125],
			"rotation": {"angle": 0, "axis": "y", "origin": [3.975, 11.05, -0.325]},
			"faces": {
				"east": {"uv": [7, 10.90625, 7.1, 12.90625], "texture": "#1"},
				"south": {"uv": [2.09375, 12.25, 7.17188, 14.25], "texture": "#1"},
				"west": {"uv": [12.25, 12.84375, 12.53125, 12.84375], "texture": "#1"},
				"up": {"uv": [10.49063, 14.04688, 13.44063, 14.14688], "texture": "#0"}
			}
		},
		{
			"name": "px",
			"from": [2.55, 9.65, 14.125],
			"to": [5.25, 11.025, 14.225],
			"rotation": {"angle": 0, "axis": "y", "origin": [3.85, 11.05, -0.325]},
			"faces": {
				"east": {"uv": [7, 10.90625, 7.1, 12.90625], "texture": "#1"},
				"south": {"uv": [2.09375, 12.25, 7.17188, 14.25], "texture": "#1"},
				"west": {"uv": [12.25, 12.84375, 12.53125, 12.84375], "texture": "#1"},
				"up": {"uv": [10.61563, 14.14688, 13.31563, 14.24688], "texture": "#0"}
			}
		},
		{
			"name": "px",
			"from": [2.775, 9.65, 14.225],
			"to": [5, 11.025, 14.325],
			"rotation": {"angle": 0, "axis": "y", "origin": [3.85, 11.05, -0.325]},
			"faces": {
				"east": {"uv": [7, 10.90625, 7.1, 12.90625], "texture": "#1"},
				"south": {"uv": [2.09375, 12.25, 7.17188, 14.25], "texture": "#1"},
				"west": {"uv": [12.25, 12.84375, 12.53125, 12.84375], "texture": "#1"},
				"up": {"uv": [10.84063, 14.24688, 13.06563, 14.34688], "texture": "#0"}
			}
		},
		{
			"name": "px",
			"from": [3, 9.65, 14.325],
			"to": [4.75, 11.025, 14.4],
			"rotation": {"angle": 0, "axis": "y", "origin": [3.85, 11.05, -0.325]},
			"faces": {
				"east": {"uv": [7, 10.90625, 7.075, 12.90625], "texture": "#1"},
				"south": {"uv": [2.09375, 12.25, 7.17188, 14.25], "texture": "#1"},
				"west": {"uv": [12.25, 12.84375, 12.53125, 12.84375], "texture": "#1"},
				"up": {"uv": [11.06563, 14.34688, 12.81563, 14.42188], "texture": "#0"}
			}
		},
		{
			"name": "px",
			"from": [3.3, 9.65, 14.4],
			"to": [4.5, 11.025, 14.475],
			"rotation": {"angle": 0, "axis": "y", "origin": [3.85, 11.05, -0.35]},
			"faces": {
				"east": {"uv": [7, 10.90625, 7.075, 12.90625], "texture": "#1"},
				"south": {"uv": [2.09375, 12.25, 7.17188, 14.25], "texture": "#1"},
				"west": {"uv": [12.25, 12.84375, 12.53125, 12.84375], "texture": "#1"},
				"up": {"uv": [11.36563, 14.42188, 12.56563, 14.49688], "texture": "#0"}
			}
		},
		{
			"name": "px",
			"from": [1.375, 9.65, 11.575],
			"to": [6.425, 11.025, 11.775],
			"rotation": {"angle": 0, "axis": "y", "origin": [20.075, 11.05, 9.825]},
			"faces": {
				"north": {"uv": [9.79688, 11.5, 14.17188, 13.5], "texture": "#1"},
				"east": {"uv": [7, 10.90625, 7.2, 12.90625], "texture": "#1"},
				"south": {"uv": [3.45313, 4.04688, 12, 7.04688], "texture": "#1"},
				"west": {"uv": [12.25, 12.84375, 12.53125, 12.84375], "texture": "#1"},
				"up": {"uv": [14.51563, 11.79688, 9.44063, 11.59688], "rotation": 180, "texture": "#0"}
			}
		},
		{
			"name": "px",
			"from": [1.4, 9.65, 11.45],
			"to": [6.4, 11.025, 11.575],
			"rotation": {"angle": 0, "axis": "y", "origin": [20.075, 11.05, 9.625]},
			"faces": {
				"north": {"uv": [9.79688, 11.5, 14.17188, 13.5], "texture": "#1"},
				"east": {"uv": [7, 10.90625, 7.125, 12.90625], "texture": "#1"},
				"west": {"uv": [12.25, 12.84375, 12.53125, 12.84375], "texture": "#1"},
				"up": {"uv": [14.49063, 11.59688, 9.46562, 11.47188], "rotation": 180, "texture": "#0"}
			}
		},
		{
			"name": "px",
			"from": [1.45, 9.65, 11.25],
			"to": [6.35, 11.025, 11.35],
			"rotation": {"angle": 0, "axis": "y", "origin": [20.075, 11.05, 9.4]},
			"faces": {
				"north": {"uv": [9.79688, 11.5, 14.17188, 13.5], "texture": "#1"},
				"east": {"uv": [7, 10.90625, 7.1, 12.90625], "texture": "#1"},
				"west": {"uv": [12.25, 12.84375, 12.53125, 12.84375], "texture": "#1"},
				"up": {"uv": [14.44063, 11.37188, 9.51563, 11.27188], "rotation": 180, "texture": "#0"}
			}
		},
		{
			"name": "px",
			"from": [1.425, 9.65, 11.35],
			"to": [6.375, 11.025, 11.45],
			"rotation": {"angle": 0, "axis": "y", "origin": [20.075, 11.05, 9.5]},
			"faces": {
				"north": {"uv": [9.79688, 11.5, 14.17188, 13.5], "texture": "#1"},
				"east": {"uv": [7, 10.90625, 7.1, 12.90625], "texture": "#1"},
				"west": {"uv": [12.25, 12.84375, 12.53125, 12.84375], "texture": "#1"},
				"up": {"uv": [14.46563, 11.47188, 9.49063, 11.37188], "rotation": 180, "texture": "#0"}
			}
		},
		{
			"name": "px",
			"from": [1.475, 9.65, 11.15],
			"to": [6.325, 11.025, 11.25],
			"rotation": {"angle": 0, "axis": "y", "origin": [20.075, 11.05, 9.3]},
			"faces": {
				"north": {"uv": [9.79688, 11.5, 14.17188, 13.5], "texture": "#1"},
				"east": {"uv": [7, 10.90625, 7.1, 12.90625], "texture": "#1"},
				"west": {"uv": [12.25, 12.84375, 12.53125, 12.84375], "texture": "#1"},
				"up": {"uv": [14.41563, 11.27188, 9.54063, 11.17188], "rotation": 180, "texture": "#0"}
			}
		},
		{
			"name": "px",
			"from": [1.525, 9.65, 10.95],
			"to": [6.25, 11.025, 11.05],
			"rotation": {"angle": 0, "axis": "y", "origin": [20.075, 11.05, 9.1]},
			"faces": {
				"north": {"uv": [9.79688, 11.5, 14.17188, 13.5], "texture": "#1"},
				"east": {"uv": [7, 10.90625, 7.1, 12.90625], "texture": "#1"},
				"west": {"uv": [12.25, 12.84375, 12.53125, 12.84375], "texture": "#1"},
				"up": {"uv": [14.34063, 11.07188, 9.59062, 10.97188], "rotation": 180, "texture": "#0"}
			}
		},
		{
			"name": "px",
			"from": [1.5, 9.65, 11.05],
			"to": [6.275, 11.025, 11.15],
			"rotation": {"angle": 0, "axis": "y", "origin": [20.075, 11.05, 9.2]},
			"faces": {
				"north": {"uv": [9.79688, 11.5, 14.17188, 13.5], "texture": "#1"},
				"east": {"uv": [7, 10.90625, 7.1, 12.90625], "texture": "#1"},
				"west": {"uv": [12.25, 12.84375, 12.53125, 12.84375], "texture": "#1"},
				"up": {"uv": [14.36563, 11.17188, 9.56563, 11.07188], "rotation": 180, "texture": "#0"}
			}
		},
		{
			"name": "px",
			"from": [1.575, 9.65, 10.85],
			"to": [6.225, 11.025, 10.95],
			"rotation": {"angle": 0, "axis": "y", "origin": [20.075, 11.05, 9]},
			"faces": {
				"north": {"uv": [9.79688, 11.5, 14.17188, 13.5], "texture": "#1"},
				"east": {"uv": [7, 10.90625, 7.1, 12.90625], "texture": "#1"},
				"west": {"uv": [12.25, 12.84375, 12.53125, 12.84375], "texture": "#1"},
				"up": {"uv": [14.31563, 10.97188, 9.64063, 10.87188], "rotation": 180, "texture": "#0"}
			}
		},
		{
			"name": "px",
			"from": [1.625, 9.65, 10.75],
			"to": [6.175, 11.025, 10.85],
			"rotation": {"angle": 0, "axis": "y", "origin": [20.075, 11.05, 8.9]},
			"faces": {
				"north": {"uv": [9.79688, 11.5, 14.17188, 13.5], "texture": "#1"},
				"east": {"uv": [7, 10.90625, 7.1, 12.90625], "texture": "#1"},
				"west": {"uv": [12.25, 12.84375, 12.53125, 12.84375], "texture": "#1"},
				"up": {"uv": [14.26563, 10.87188, 9.69063, 10.77188], "rotation": 180, "texture": "#0"}
			}
		},
		{
			"name": "px",
			"from": [1.675, 9.65, 10.65],
			"to": [6.125, 11.025, 10.75],
			"rotation": {"angle": 0, "axis": "y", "origin": [20.075, 11.05, 8.8]},
			"faces": {
				"north": {"uv": [9.79688, 11.5, 14.17188, 13.5], "texture": "#1"},
				"east": {"uv": [7, 10.90625, 7.1, 12.90625], "texture": "#1"},
				"west": {"uv": [12.25, 12.84375, 12.53125, 12.84375], "texture": "#1"},
				"up": {"uv": [14.21563, 10.77188, 9.74063, 10.67188], "rotation": 180, "texture": "#0"}
			}
		},
		{
			"name": "px",
			"from": [1.725, 9.65, 10.55],
			"to": [6.075, 11.025, 10.65],
			"rotation": {"angle": 0, "axis": "y", "origin": [20.075, 11.05, 8.7]},
			"faces": {
				"north": {"uv": [9.79688, 11.5, 14.17188, 13.5], "texture": "#1"},
				"east": {"uv": [7, 10.90625, 7.1, 12.90625], "texture": "#1"},
				"west": {"uv": [12.25, 12.84375, 12.53125, 12.84375], "texture": "#1"},
				"up": {"uv": [14.16563, 10.67188, 9.79063, 10.57188], "rotation": 180, "texture": "#0"}
			}
		},
		{
			"name": "px",
			"from": [1.775, 9.65, 10.45],
			"to": [6.025, 11.025, 10.55],
			"rotation": {"angle": 0, "axis": "y", "origin": [20.075, 11.05, 8.6]},
			"faces": {
				"north": {"uv": [9.79688, 11.5, 14.17188, 13.5], "texture": "#1"},
				"east": {"uv": [7, 10.90625, 7.1, 12.90625], "texture": "#1"},
				"west": {"uv": [12.25, 12.84375, 12.53125, 12.84375], "texture": "#1"},
				"up": {"uv": [14.11563, 10.57188, 9.84062, 10.47188], "rotation": 180, "texture": "#0"}
			}
		},
		{
			"name": "px",
			"from": [1.85, 9.65, 10.35],
			"to": [5.95, 11.025, 10.45],
			"rotation": {"angle": 0, "axis": "y", "origin": [20.075, 11.05, 8.5]},
			"faces": {
				"north": {"uv": [9.79688, 11.5, 14.17188, 13.5], "texture": "#1"},
				"east": {"uv": [7, 10.90625, 7.1, 12.90625], "texture": "#1"},
				"west": {"uv": [12.25, 12.84375, 12.53125, 12.84375], "texture": "#1"},
				"up": {"uv": [14.04063, 10.47188, 9.91563, 10.37187], "rotation": 180, "texture": "#0"}
			}
		},
		{
			"name": "px",
			"from": [1.925, 9.65, 10.25],
			"to": [5.875, 11.025, 10.35],
			"rotation": {"angle": 0, "axis": "y", "origin": [20.075, 11.05, 8.4]},
			"faces": {
				"north": {"uv": [9.79688, 11.5, 14.17188, 13.5], "texture": "#1"},
				"east": {"uv": [7, 10.90625, 7.1, 12.90625], "texture": "#1"},
				"west": {"uv": [12.25, 12.84375, 12.53125, 12.84375], "texture": "#1"},
				"up": {"uv": [13.96563, 10.37187, 9.99063, 10.27188], "rotation": 180, "texture": "#0"}
			}
		},
		{
			"name": "px",
			"from": [2, 9.65, 10.15],
			"to": [5.8, 11.025, 10.25],
			"rotation": {"angle": 0, "axis": "y", "origin": [20.075, 11.05, 8.3]},
			"faces": {
				"north": {"uv": [9.79688, 11.5, 14.17188, 13.5], "texture": "#1"},
				"east": {"uv": [7, 10.90625, 7.1, 12.90625], "texture": "#1"},
				"west": {"uv": [12.25, 12.84375, 12.53125, 12.84375], "texture": "#1"},
				"up": {"uv": [13.89063, 10.27188, 10.06563, 10.17188], "rotation": 180, "texture": "#0"}
			}
		},
		{
			"name": "px",
			"from": [2.05, 9.65, 10.05],
			"to": [5.7, 11.025, 10.15],
			"rotation": {"angle": 0, "axis": "y", "origin": [20.1, 11.05, 8.2]},
			"faces": {
				"north": {"uv": [9.79688, 11.5, 14.17188, 13.5], "texture": "#1"},
				"east": {"uv": [7, 10.90625, 7.1, 12.90625], "texture": "#1"},
				"west": {"uv": [12.25, 12.84375, 12.53125, 12.84375], "texture": "#1"},
				"up": {"uv": [13.79063, 10.17188, 10.11563, 10.07188], "rotation": 180, "texture": "#0"}
			}
		},
		{
			"name": "px",
			"from": [2.3, 9.65, 9.85],
			"to": [5.475, 11.025, 9.95],
			"rotation": {"angle": 0, "axis": "y", "origin": [19.875, 11.05, 8.2]},
			"faces": {
				"north": {"uv": [9.79688, 11.5, 14.17188, 13.5], "texture": "#1"},
				"east": {"uv": [7, 10.90625, 7.1, 12.90625], "texture": "#1"},
				"west": {"uv": [12.25, 12.84375, 12.53125, 12.84375], "texture": "#1"},
				"up": {"uv": [13.56563, 9.97188, 10.36563, 9.87187], "rotation": 180, "texture": "#0"}
			}
		},
		{
			"name": "px",
			"from": [2.175, 9.65, 9.95],
			"to": [5.6, 11.025, 10.05],
			"rotation": {"angle": 0, "axis": "y", "origin": [20, 11.05, 8.2]},
			"faces": {
				"north": {"uv": [9.79688, 11.5, 14.17188, 13.5], "texture": "#1"},
				"east": {"uv": [7, 10.90625, 7.1, 12.90625], "texture": "#1"},
				"west": {"uv": [12.25, 12.84375, 12.53125, 12.84375], "texture": "#1"},
				"up": {"uv": [13.69063, 10.07188, 10.24063, 9.97188], "rotation": 180, "texture": "#0"}
			}
		},
		{
			"name": "px",
			"from": [2.4, 9.65, 9.75],
			"to": [5.325, 11.025, 9.85],
			"rotation": {"angle": 0, "axis": "y", "origin": [19.725, 11.05, 8.2]},
			"faces": {
				"north": {"uv": [9.79688, 11.5, 14.17188, 13.5], "texture": "#1"},
				"east": {"uv": [7, 10.90625, 7.1, 12.90625], "texture": "#1"},
				"west": {"uv": [12.25, 12.84375, 12.53125, 12.84375], "texture": "#1"},
				"up": {"uv": [13.41563, 9.87187, 10.46562, 9.77188], "rotation": 180, "texture": "#0"}
			}
		},
		{
			"name": "px",
			"from": [2.525, 9.65, 9.65],
			"to": [5.2, 11.025, 9.75],
			"rotation": {"angle": 0, "axis": "y", "origin": [19.85, 11.05, 8.2]},
			"faces": {
				"north": {"uv": [9.79688, 11.5, 14.17188, 13.5], "texture": "#1"},
				"east": {"uv": [7, 10.90625, 7.1, 12.90625], "texture": "#1"},
				"west": {"uv": [12.25, 12.84375, 12.53125, 12.84375], "texture": "#1"},
				"up": {"uv": [13.29063, 9.77188, 10.59063, 9.67188], "rotation": 180, "texture": "#0"}
			}
		},
		{
			"name": "px",
			"from": [2.775, 9.65, 9.55],
			"to": [4.975, 11.025, 9.65],
			"rotation": {"angle": 0, "axis": "y", "origin": [19.85, 11.05, 8.2]},
			"faces": {
				"north": {"uv": [9.79688, 11.5, 14.17188, 13.5], "texture": "#1"},
				"east": {"uv": [7, 10.90625, 7.1, 12.90625], "texture": "#1"},
				"west": {"uv": [12.25, 12.84375, 12.53125, 12.84375], "texture": "#1"},
				"up": {"uv": [13.06563, 9.67188, 10.84063, 9.57188], "rotation": 180, "texture": "#0"}
			}
		},
		{
			"name": "px",
			"from": [3.025, 9.65, 9.475],
			"to": [4.75, 11.025, 9.55],
			"rotation": {"angle": 0, "axis": "y", "origin": [19.85, 11.05, 8.2]},
			"faces": {
				"north": {"uv": [9.79688, 11.5, 14.17188, 13.5], "texture": "#1"},
				"east": {"uv": [7, 10.90625, 7.075, 12.90625], "texture": "#1"},
				"west": {"uv": [12.25, 12.84375, 12.53125, 12.84375], "texture": "#1"},
				"up": {"uv": [12.84063, 9.57188, 11.09063, 9.49687], "rotation": 180, "texture": "#0"}
			}
		},
		{
			"name": "px",
			"from": [3.275, 9.65, 9.4],
			"to": [4.45, 11.025, 9.475],
			"rotation": {"angle": 0, "axis": "y", "origin": [19.85, 11.05, 8.225]},
			"faces": {
				"north": {"uv": [9.79688, 11.5, 14.17188, 13.5], "texture": "#1"},
				"east": {"uv": [7, 10.90625, 7.075, 12.90625], "texture": "#1"},
				"west": {"uv": [12.25, 12.84375, 12.53125, 12.84375], "texture": "#1"},
				"up": {"uv": [12.54063, 9.49687, 11.34063, 9.42188], "rotation": 180, "texture": "#0"}
			}
		},
		{
			"name": "px",
			"from": [9.325, 9.65, 3.775],
			"to": [14.4, 11.025, 4.1],
			"rotation": {"angle": 0, "axis": "y", "origin": [3.625, 11.05, -2.05]},
			"faces": {
				"north": {"uv": [9.79688, 11.5, 14.17188, 13.5], "texture": "#1"},
				"east": {"uv": [7, 10.90625, 7.275, 12.90625], "texture": "#1"},
				"west": {"uv": [12.25, 12.84375, 12.53125, 12.84375], "texture": "#1"},
				"up": {"uv": [9.39063, 11.84688, 14.46563, 12.12188], "texture": "#0"}
			}
		},
		{
			"name": "px",
			"from": [9.325, 9.65, 4.1],
			"to": [14.4, 11.025, 4.3],
			"rotation": {"angle": 0, "axis": "y", "origin": [3.625, 11.05, -1.95]},
			"faces": {
				"east": {"uv": [7, 10.90625, 7.2, 12.90625], "texture": "#1"},
				"south": {"uv": [2.09375, 12.25, 7.17188, 14.25], "texture": "#1"},
				"west": {"uv": [12.25, 12.84375, 12.53125, 12.84375], "texture": "#1"},
				"up": {"uv": [9.39063, 12.12188, 14.46563, 12.32188], "texture": "#0"}
			}
		},
		{
			"name": "px",
			"from": [9.35, 9.65, 4.3],
			"to": [14.375, 11.025, 4.425],
			"rotation": {"angle": 0, "axis": "y", "origin": [3.625, 11.05, -1.75]},
			"faces": {
				"east": {"uv": [7, 10.90625, 7.125, 12.90625], "texture": "#1"},
				"south": {"uv": [2.09375, 12.25, 7.17188, 14.25], "texture": "#1"},
				"west": {"uv": [12.25, 12.84375, 12.53125, 12.84375], "texture": "#1"},
				"up": {"uv": [9.41563, 12.32188, 14.44063, 12.44688], "texture": "#0"}
			}
		},
		{
			"name": "px",
			"from": [9.4, 9.65, 4.525],
			"to": [14.325, 11.025, 4.625],
			"rotation": {"angle": 0, "axis": "y", "origin": [3.625, 11.05, -1.525]},
			"faces": {
				"east": {"uv": [7, 10.90625, 7.1, 12.90625], "texture": "#1"},
				"south": {"uv": [2.09375, 12.25, 7.17188, 14.25], "texture": "#1"},
				"west": {"uv": [12.25, 12.84375, 12.53125, 12.84375], "texture": "#1"},
				"up": {"uv": [9.46562, 12.54688, 14.39063, 12.64688], "texture": "#0"}
			}
		},
		{
			"name": "px",
			"from": [9.375, 9.65, 4.425],
			"to": [14.35, 11.025, 4.525],
			"rotation": {"angle": 0, "axis": "y", "origin": [3.625, 11.05, -1.625]},
			"faces": {
				"east": {"uv": [7, 10.90625, 7.1, 12.90625], "texture": "#1"},
				"south": {"uv": [2.09375, 12.25, 7.17188, 14.25], "texture": "#1"},
				"west": {"uv": [12.25, 12.84375, 12.53125, 12.84375], "texture": "#1"},
				"up": {"uv": [9.44063, 12.44688, 14.41563, 12.54688], "texture": "#0"}
			}
		},
		{
			"name": "px",
			"from": [9.425, 9.65, 4.625],
			"to": [14.3, 11.025, 4.725],
			"rotation": {"angle": 0, "axis": "y", "origin": [3.625, 11.05, -1.425]},
			"faces": {
				"east": {"uv": [7, 10.90625, 7.1, 12.90625], "texture": "#1"},
				"south": {"uv": [2.09375, 12.25, 7.17188, 14.25], "texture": "#1"},
				"west": {"uv": [12.25, 12.84375, 12.53125, 12.84375], "texture": "#1"},
				"up": {"uv": [9.49063, 12.64688, 14.36563, 12.74688], "texture": "#0"}
			}
		},
		{
			"name": "px",
			"from": [9.5, 9.65, 4.825],
			"to": [14.25, 11.025, 4.925],
			"rotation": {"angle": 0, "axis": "y", "origin": [3.625, 11.05, -1.225]},
			"faces": {
				"east": {"uv": [7, 10.90625, 7.1, 12.90625], "texture": "#1"},
				"south": {"uv": [2.09375, 12.25, 7.17188, 14.25], "texture": "#1"},
				"west": {"uv": [12.25, 12.84375, 12.53125, 12.84375], "texture": "#1"},
				"up": {"uv": [9.56563, 12.84688, 14.31563, 12.94688], "texture": "#0"}
			}
		},
		{
			"name": "px",
			"from": [9.475, 9.65, 4.725],
			"to": [14.275, 11.025, 4.825],
			"rotation": {"angle": 0, "axis": "y", "origin": [3.625, 11.05, -1.325]},
			"faces": {
				"east": {"uv": [7, 10.90625, 7.1, 12.90625], "texture": "#1"},
				"south": {"uv": [2.09375, 12.25, 7.17188, 14.25], "texture": "#1"},
				"west": {"uv": [12.25, 12.84375, 12.53125, 12.84375], "texture": "#1"},
				"up": {"uv": [9.54063, 12.74688, 14.34063, 12.84688], "texture": "#0"}
			}
		},
		{
			"name": "px",
			"from": [9.525, 9.65, 4.925],
			"to": [14.2, 11.025, 5.025],
			"rotation": {"angle": 0, "axis": "y", "origin": [3.625, 11.05, -1.125]},
			"faces": {
				"east": {"uv": [7, 10.90625, 7.1, 12.90625], "texture": "#1"},
				"south": {"uv": [2.09375, 12.25, 7.17188, 14.25], "texture": "#1"},
				"west": {"uv": [12.25, 12.84375, 12.53125, 12.84375], "texture": "#1"},
				"up": {"uv": [9.59062, 12.94688, 14.26563, 13.04688], "texture": "#0"}
			}
		},
		{
			"name": "px",
			"from": [9.575, 9.65, 5.025],
			"to": [14.15, 11.025, 5.125],
			"rotation": {"angle": 0, "axis": "y", "origin": [3.625, 11.05, -1.025]},
			"faces": {
				"east": {"uv": [7, 10.90625, 7.1, 12.90625], "texture": "#1"},
				"south": {"uv": [2.09375, 12.25, 7.17188, 14.25], "texture": "#1"},
				"west": {"uv": [12.25, 12.84375, 12.53125, 12.84375], "texture": "#1"},
				"up": {"uv": [9.64063, 13.04688, 14.21563, 13.14688], "texture": "#0"}
			}
		},
		{
			"name": "px",
			"from": [9.625, 9.65, 5.125],
			"to": [14.1, 11.025, 5.225],
			"rotation": {"angle": 0, "axis": "y", "origin": [3.625, 11.05, -0.925]},
			"faces": {
				"east": {"uv": [7, 10.90625, 7.1, 12.90625], "texture": "#1"},
				"south": {"uv": [2.09375, 12.25, 7.17188, 14.25], "texture": "#1"},
				"west": {"uv": [12.25, 12.84375, 12.53125, 12.84375], "texture": "#1"},
				"up": {"uv": [9.69063, 13.14688, 14.16563, 13.24688], "texture": "#0"}
			}
		},
		{
			"name": "px",
			"from": [9.675, 9.65, 5.225],
			"to": [14.05, 11.025, 5.325],
			"rotation": {"angle": 0, "axis": "y", "origin": [3.625, 11.05, -0.825]},
			"faces": {
				"east": {"uv": [7, 10.90625, 7.1, 12.90625], "texture": "#1"},
				"south": {"uv": [3.15625, 13.34375, 7.53125, 13.34375], "texture": "#1"},
				"west": {"uv": [12.25, 12.84375, 12.53125, 12.84375], "texture": "#1"},
				"up": {"uv": [9.74063, 13.24688, 14.11563, 13.34688], "texture": "#0"}
			}
		},
		{
			"name": "px",
			"from": [9.725, 9.65, 5.325],
			"to": [14, 11.025, 5.425],
			"rotation": {"angle": 0, "axis": "y", "origin": [3.625, 11.05, -0.725]},
			"faces": {
				"east": {"uv": [7, 10.90625, 7.1, 12.90625], "texture": "#1"},
				"south": {"uv": [2.09375, 12.25, 7.17188, 14.25], "texture": "#1"},
				"west": {"uv": [12.25, 12.84375, 12.53125, 12.84375], "texture": "#1"},
				"up": {"uv": [9.79063, 13.34688, 14.06563, 13.44688], "texture": "#0"}
			}
		},
		{
			"name": "px",
			"from": [9.8, 9.65, 5.425],
			"to": [13.925, 11.025, 5.525],
			"rotation": {"angle": 0, "axis": "y", "origin": [3.625, 11.05, -0.625]},
			"faces": {
				"east": {"uv": [7, 10.90625, 7.1, 12.90625], "texture": "#1"},
				"south": {"uv": [2.09375, 12.25, 7.17188, 14.25], "texture": "#1"},
				"west": {"uv": [12.25, 12.84375, 12.53125, 12.84375], "texture": "#1"},
				"up": {"uv": [9.86563, 13.44688, 13.99063, 13.54688], "texture": "#0"}
			}
		},
		{
			"name": "px",
			"from": [9.875, 9.65, 5.525],
			"to": [13.85, 11.025, 5.625],
			"rotation": {"angle": 0, "axis": "y", "origin": [3.625, 11.05, -0.525]},
			"faces": {
				"east": {"uv": [7, 10.90625, 7.1, 12.90625], "texture": "#1"},
				"south": {"uv": [2.09375, 12.25, 7.17188, 14.25], "texture": "#1"},
				"west": {"uv": [12.25, 12.84375, 12.53125, 12.84375], "texture": "#1"},
				"up": {"uv": [9.94063, 13.54688, 13.91563, 13.64688], "texture": "#0"}
			}
		},
		{
			"name": "px",
			"from": [9.95, 9.65, 5.625],
			"to": [13.775, 11.025, 5.725],
			"rotation": {"angle": 0, "axis": "y", "origin": [3.625, 11.05, -0.425]},
			"faces": {
				"east": {"uv": [7, 10.90625, 7.1, 12.90625], "texture": "#1"},
				"south": {"uv": [2.09375, 12.25, 7.17188, 14.25], "texture": "#1"},
				"west": {"uv": [12.25, 12.84375, 12.53125, 12.84375], "texture": "#1"},
				"up": {"uv": [10.01563, 13.64688, 13.84063, 13.74688], "texture": "#0"}
			}
		},
		{
			"name": "px",
			"from": [10.05, 9.65, 5.725],
			"to": [13.725, 11.025, 5.825],
			"rotation": {"angle": 0, "axis": "y", "origin": [3.6, 11.05, -0.325]},
			"faces": {
				"east": {"uv": [7, 10.90625, 7.1, 12.90625], "texture": "#1"},
				"south": {"uv": [2.09375, 12.25, 7.17188, 14.25], "texture": "#1"},
				"west": {"uv": [12.25, 12.84375, 12.53125, 12.84375], "texture": "#1"},
				"up": {"uv": [10.11563, 13.74688, 13.79063, 13.84688], "texture": "#0"}
			}
		},
		{
			"name": "px",
			"from": [10.275, 9.65, 5.925],
			"to": [13.475, 11.025, 6.025],
			"rotation": {"angle": 0, "axis": "y", "origin": [3.825, 11.05, -0.325]},
			"faces": {
				"east": {"uv": [7, 10.90625, 7.1, 12.90625], "texture": "#1"},
				"south": {"uv": [2.09375, 12.25, 7.17188, 14.25], "texture": "#1"},
				"west": {"uv": [12.25, 12.84375, 12.53125, 12.84375], "texture": "#1"},
				"up": {"uv": [10.34062, 13.94688, 13.54063, 14.04688], "texture": "#0"}
			}
		},
		{
			"name": "px",
			"from": [10.15, 9.65, 5.825],
			"to": [13.6, 11.025, 5.925],
			"rotation": {"angle": 0, "axis": "y", "origin": [3.7, 11.05, -0.325]},
			"faces": {
				"east": {"uv": [7, 10.90625, 7.1, 12.90625], "texture": "#1"},
				"south": {"uv": [2.09375, 12.25, 7.17188, 14.25], "texture": "#1"},
				"west": {"uv": [12.25, 12.84375, 12.53125, 12.84375], "texture": "#1"},
				"up": {"uv": [10.21562, 13.84688, 13.66563, 13.94688], "texture": "#0"}
			}
		},
		{
			"name": "px",
			"from": [10.425, 9.65, 6.025],
			"to": [13.375, 11.025, 6.125],
			"rotation": {"angle": 0, "axis": "y", "origin": [3.975, 11.05, -0.325]},
			"faces": {
				"east": {"uv": [7, 10.90625, 7.1, 12.90625], "texture": "#1"},
				"south": {"uv": [2.09375, 12.25, 7.17188, 14.25], "texture": "#1"},
				"west": {"uv": [12.25, 12.84375, 12.53125, 12.84375], "texture": "#1"},
				"up": {"uv": [10.49063, 14.04688, 13.44063, 14.14688], "texture": "#0"}
			}
		},
		{
			"name": "px",
			"from": [10.55, 9.65, 6.125],
			"to": [13.25, 11.025, 6.225],
			"rotation": {"angle": 0, "axis": "y", "origin": [3.85, 11.05, -0.325]},
			"faces": {
				"east": {"uv": [7, 10.90625, 7.1, 12.90625], "texture": "#1"},
				"south": {"uv": [2.09375, 12.25, 7.17188, 14.25], "texture": "#1"},
				"west": {"uv": [12.25, 12.84375, 12.53125, 12.84375], "texture": "#1"},
				"up": {"uv": [10.61563, 14.14688, 13.31563, 14.24688], "texture": "#0"}
			}
		},
		{
			"name": "px",
			"from": [10.775, 9.65, 6.225],
			"to": [13, 11.025, 6.325],
			"rotation": {"angle": 0, "axis": "y", "origin": [3.85, 11.05, -0.325]},
			"faces": {
				"east": {"uv": [7, 10.90625, 7.1, 12.90625], "texture": "#1"},
				"south": {"uv": [2.09375, 12.25, 7.17188, 14.25], "texture": "#1"},
				"west": {"uv": [12.25, 12.84375, 12.53125, 12.84375], "texture": "#1"},
				"up": {"uv": [10.84063, 14.24688, 13.06563, 14.34688], "texture": "#0"}
			}
		},
		{
			"name": "px",
			"from": [11, 9.65, 6.325],
			"to": [12.75, 11.025, 6.4],
			"rotation": {"angle": 0, "axis": "y", "origin": [3.85, 11.05, -0.325]},
			"faces": {
				"east": {"uv": [7, 10.90625, 7.075, 12.90625], "texture": "#1"},
				"south": {"uv": [2.09375, 12.25, 7.17188, 14.25], "texture": "#1"},
				"west": {"uv": [12.25, 12.84375, 12.53125, 12.84375], "texture": "#1"},
				"up": {"uv": [11.06563, 14.34688, 12.81563, 14.42188], "texture": "#0"}
			}
		},
		{
			"name": "px",
			"from": [11.3, 9.65, 6.4],
			"to": [12.5, 11.025, 6.475],
			"rotation": {"angle": 0, "axis": "y", "origin": [3.85, 11.05, -0.35]},
			"faces": {
				"east": {"uv": [7, 10.90625, 7.075, 12.90625], "texture": "#1"},
				"south": {"uv": [2.09375, 12.25, 7.17188, 14.25], "texture": "#1"},
				"west": {"uv": [12.25, 12.84375, 12.53125, 12.84375], "texture": "#1"},
				"up": {"uv": [11.36563, 14.42188, 12.56563, 14.49688], "texture": "#0"}
			}
		},
		{
			"name": "px",
			"from": [9.375, 9.65, 3.575],
			"to": [14.425, 11.025, 3.775],
			"rotation": {"angle": 0, "axis": "y", "origin": [20.075, 11.05, 9.825]},
			"faces": {
				"north": {"uv": [9.79688, 11.5, 14.17188, 13.5], "texture": "#1"},
				"east": {"uv": [7, 10.90625, 7.2, 12.90625], "texture": "#1"},
				"south": {"uv": [3.45313, 4.04688, 12, 7.04688], "texture": "#1"},
				"west": {"uv": [12.25, 12.84375, 12.53125, 12.84375], "texture": "#1"},
				"up": {"uv": [14.51563, 11.79688, 9.44063, 11.59688], "rotation": 180, "texture": "#0"}
			}
		},
		{
			"name": "px",
			"from": [9.4, 9.65, 3.45],
			"to": [14.4, 11.025, 3.575],
			"rotation": {"angle": 0, "axis": "y", "origin": [20.075, 11.05, 9.625]},
			"faces": {
				"north": {"uv": [9.79688, 11.5, 14.17188, 13.5], "texture": "#1"},
				"east": {"uv": [7, 10.90625, 7.125, 12.90625], "texture": "#1"},
				"west": {"uv": [12.25, 12.84375, 12.53125, 12.84375], "texture": "#1"},
				"up": {"uv": [14.49063, 11.59688, 9.46562, 11.47188], "rotation": 180, "texture": "#0"}
			}
		},
		{
			"name": "px",
			"from": [9.45, 9.65, 3.25],
			"to": [14.35, 11.025, 3.35],
			"rotation": {"angle": 0, "axis": "y", "origin": [20.075, 11.05, 9.4]},
			"faces": {
				"north": {"uv": [9.79688, 11.5, 14.17188, 13.5], "texture": "#1"},
				"east": {"uv": [7, 10.90625, 7.1, 12.90625], "texture": "#1"},
				"west": {"uv": [12.25, 12.84375, 12.53125, 12.84375], "texture": "#1"},
				"up": {"uv": [14.44063, 11.37188, 9.51563, 11.27188], "rotation": 180, "texture": "#0"}
			}
		},
		{
			"name": "px",
			"from": [9.425, 9.65, 3.35],
			"to": [14.375, 11.025, 3.45],
			"rotation": {"angle": 0, "axis": "y", "origin": [20.075, 11.05, 9.5]},
			"faces": {
				"north": {"uv": [9.79688, 11.5, 14.17188, 13.5], "texture": "#1"},
				"east": {"uv": [7, 10.90625, 7.1, 12.90625], "texture": "#1"},
				"west": {"uv": [12.25, 12.84375, 12.53125, 12.84375], "texture": "#1"},
				"up": {"uv": [14.46563, 11.47188, 9.49063, 11.37188], "rotation": 180, "texture": "#0"}
			}
		},
		{
			"name": "px",
			"from": [9.475, 9.65, 3.15],
			"to": [14.325, 11.025, 3.25],
			"rotation": {"angle": 0, "axis": "y", "origin": [20.075, 11.05, 9.3]},
			"faces": {
				"north": {"uv": [9.79688, 11.5, 14.17188, 13.5], "texture": "#1"},
				"east": {"uv": [7, 10.90625, 7.1, 12.90625], "texture": "#1"},
				"west": {"uv": [12.25, 12.84375, 12.53125, 12.84375], "texture": "#1"},
				"up": {"uv": [14.41563, 11.27188, 9.54063, 11.17188], "rotation": 180, "texture": "#0"}
			}
		},
		{
			"name": "px",
			"from": [9.525, 9.65, 2.95],
			"to": [14.25, 11.025, 3.05],
			"rotation": {"angle": 0, "axis": "y", "origin": [20.075, 11.05, 9.1]},
			"faces": {
				"north": {"uv": [9.79688, 11.5, 14.17188, 13.5], "texture": "#1"},
				"east": {"uv": [7, 10.90625, 7.1, 12.90625], "texture": "#1"},
				"west": {"uv": [12.25, 12.84375, 12.53125, 12.84375], "texture": "#1"},
				"up": {"uv": [14.34063, 11.07188, 9.59062, 10.97188], "rotation": 180, "texture": "#0"}
			}
		},
		{
			"name": "px",
			"from": [9.5, 9.65, 3.05],
			"to": [14.275, 11.025, 3.15],
			"rotation": {"angle": 0, "axis": "y", "origin": [20.075, 11.05, 9.2]},
			"faces": {
				"north": {"uv": [9.79688, 11.5, 14.17188, 13.5], "texture": "#1"},
				"east": {"uv": [7, 10.90625, 7.1, 12.90625], "texture": "#1"},
				"west": {"uv": [12.25, 12.84375, 12.53125, 12.84375], "texture": "#1"},
				"up": {"uv": [14.36563, 11.17188, 9.56563, 11.07188], "rotation": 180, "texture": "#0"}
			}
		},
		{
			"name": "px",
			"from": [9.575, 9.65, 2.85],
			"to": [14.225, 11.025, 2.95],
			"rotation": {"angle": 0, "axis": "y", "origin": [20.075, 11.05, 9]},
			"faces": {
				"north": {"uv": [9.79688, 11.5, 14.17188, 13.5], "texture": "#1"},
				"east": {"uv": [7, 10.90625, 7.1, 12.90625], "texture": "#1"},
				"west": {"uv": [12.25, 12.84375, 12.53125, 12.84375], "texture": "#1"},
				"up": {"uv": [14.31563, 10.97188, 9.64063, 10.87188], "rotation": 180, "texture": "#0"}
			}
		},
		{
			"name": "px",
			"from": [9.625, 9.65, 2.75],
			"to": [14.175, 11.025, 2.85],
			"rotation": {"angle": 0, "axis": "y", "origin": [20.075, 11.05, 8.9]},
			"faces": {
				"north": {"uv": [9.79688, 11.5, 14.17188, 13.5], "texture": "#1"},
				"east": {"uv": [7, 10.90625, 7.1, 12.90625], "texture": "#1"},
				"west": {"uv": [12.25, 12.84375, 12.53125, 12.84375], "texture": "#1"},
				"up": {"uv": [14.26563, 10.87188, 9.69063, 10.77188], "rotation": 180, "texture": "#0"}
			}
		},
		{
			"name": "px",
			"from": [9.675, 9.65, 2.65],
			"to": [14.125, 11.025, 2.75],
			"rotation": {"angle": 0, "axis": "y", "origin": [20.075, 11.05, 8.8]},
			"faces": {
				"north": {"uv": [9.79688, 11.5, 14.17188, 13.5], "texture": "#1"},
				"east": {"uv": [7, 10.90625, 7.1, 12.90625], "texture": "#1"},
				"west": {"uv": [12.25, 12.84375, 12.53125, 12.84375], "texture": "#1"},
				"up": {"uv": [14.21563, 10.77188, 9.74063, 10.67188], "rotation": 180, "texture": "#0"}
			}
		},
		{
			"name": "px",
			"from": [9.725, 9.65, 2.55],
			"to": [14.075, 11.025, 2.65],
			"rotation": {"angle": 0, "axis": "y", "origin": [20.075, 11.05, 8.7]},
			"faces": {
				"north": {"uv": [9.79688, 11.5, 14.17188, 13.5], "texture": "#1"},
				"east": {"uv": [7, 10.90625, 7.1, 12.90625], "texture": "#1"},
				"west": {"uv": [12.25, 12.84375, 12.53125, 12.84375], "texture": "#1"},
				"up": {"uv": [14.16563, 10.67188, 9.79063, 10.57188], "rotation": 180, "texture": "#0"}
			}
		},
		{
			"name": "px",
			"from": [9.775, 9.65, 2.45],
			"to": [14.025, 11.025, 2.55],
			"rotation": {"angle": 0, "axis": "y", "origin": [20.075, 11.05, 8.6]},
			"faces": {
				"north": {"uv": [9.79688, 11.5, 14.17188, 13.5], "texture": "#1"},
				"east": {"uv": [7, 10.90625, 7.1, 12.90625], "texture": "#1"},
				"west": {"uv": [12.25, 12.84375, 12.53125, 12.84375], "texture": "#1"},
				"up": {"uv": [14.11563, 10.57188, 9.84062, 10.47188], "rotation": 180, "texture": "#0"}
			}
		},
		{
			"name": "px",
			"from": [9.85, 9.65, 2.35],
			"to": [13.95, 11.025, 2.45],
			"rotation": {"angle": 0, "axis": "y", "origin": [20.075, 11.05, 8.5]},
			"faces": {
				"north": {"uv": [9.79688, 11.5, 14.17188, 13.5], "texture": "#1"},
				"east": {"uv": [7, 10.90625, 7.1, 12.90625], "texture": "#1"},
				"west": {"uv": [12.25, 12.84375, 12.53125, 12.84375], "texture": "#1"},
				"up": {"uv": [14.04063, 10.47188, 9.91563, 10.37187], "rotation": 180, "texture": "#0"}
			}
		},
		{
			"name": "px",
			"from": [9.925, 9.65, 2.25],
			"to": [13.875, 11.025, 2.35],
			"rotation": {"angle": 0, "axis": "y", "origin": [20.075, 11.05, 8.4]},
			"faces": {
				"north": {"uv": [9.79688, 11.5, 14.17188, 13.5], "texture": "#1"},
				"east": {"uv": [7, 10.90625, 7.1, 12.90625], "texture": "#1"},
				"west": {"uv": [12.25, 12.84375, 12.53125, 12.84375], "texture": "#1"},
				"up": {"uv": [13.96563, 10.37187, 9.99063, 10.27188], "rotation": 180, "texture": "#0"}
			}
		},
		{
			"name": "px",
			"from": [10, 9.65, 2.15],
			"to": [13.8, 11.025, 2.25],
			"rotation": {"angle": 0, "axis": "y", "origin": [20.075, 11.05, 8.3]},
			"faces": {
				"north": {"uv": [9.79688, 11.5, 14.17188, 13.5], "texture": "#1"},
				"east": {"uv": [7, 10.90625, 7.1, 12.90625], "texture": "#1"},
				"west": {"uv": [12.25, 12.84375, 12.53125, 12.84375], "texture": "#1"},
				"up": {"uv": [13.89063, 10.27188, 10.06563, 10.17188], "rotation": 180, "texture": "#0"}
			}
		},
		{
			"name": "px",
			"from": [10.05, 9.65, 2.05],
			"to": [13.7, 11.025, 2.15],
			"rotation": {"angle": 0, "axis": "y", "origin": [20.1, 11.05, 8.2]},
			"faces": {
				"north": {"uv": [9.79688, 11.5, 14.17188, 13.5], "texture": "#1"},
				"east": {"uv": [7, 10.90625, 7.1, 12.90625], "texture": "#1"},
				"west": {"uv": [12.25, 12.84375, 12.53125, 12.84375], "texture": "#1"},
				"up": {"uv": [13.79063, 10.17188, 10.11563, 10.07188], "rotation": 180, "texture": "#0"}
			}
		},
		{
			"name": "px",
			"from": [10.3, 9.65, 1.85],
			"to": [13.475, 11.025, 1.95],
			"rotation": {"angle": 0, "axis": "y", "origin": [19.875, 11.05, 8.2]},
			"faces": {
				"north": {"uv": [9.79688, 11.5, 14.17188, 13.5], "texture": "#1"},
				"east": {"uv": [7, 10.90625, 7.1, 12.90625], "texture": "#1"},
				"west": {"uv": [12.25, 12.84375, 12.53125, 12.84375], "texture": "#1"},
				"up": {"uv": [13.56563, 9.97188, 10.36563, 9.87187], "rotation": 180, "texture": "#0"}
			}
		},
		{
			"name": "px",
			"from": [10.175, 9.65, 1.95],
			"to": [13.6, 11.025, 2.05],
			"rotation": {"angle": 0, "axis": "y", "origin": [20, 11.05, 8.2]},
			"faces": {
				"north": {"uv": [9.79688, 11.5, 14.17188, 13.5], "texture": "#1"},
				"east": {"uv": [7, 10.90625, 7.1, 12.90625], "texture": "#1"},
				"west": {"uv": [12.25, 12.84375, 12.53125, 12.84375], "texture": "#1"},
				"up": {"uv": [13.69063, 10.07188, 10.24063, 9.97188], "rotation": 180, "texture": "#0"}
			}
		},
		{
			"name": "px",
			"from": [10.4, 9.65, 1.75],
			"to": [13.325, 11.025, 1.85],
			"rotation": {"angle": 0, "axis": "y", "origin": [19.725, 11.05, 8.2]},
			"faces": {
				"north": {"uv": [9.79688, 11.5, 14.17188, 13.5], "texture": "#1"},
				"east": {"uv": [7, 10.90625, 7.1, 12.90625], "texture": "#1"},
				"west": {"uv": [12.25, 12.84375, 12.53125, 12.84375], "texture": "#1"},
				"up": {"uv": [13.41563, 9.87187, 10.46562, 9.77188], "rotation": 180, "texture": "#0"}
			}
		},
		{
			"name": "px",
			"from": [10.525, 9.65, 1.65],
			"to": [13.2, 11.025, 1.75],
			"rotation": {"angle": 0, "axis": "y", "origin": [19.85, 11.05, 8.2]},
			"faces": {
				"north": {"uv": [9.79688, 11.5, 14.17188, 13.5], "texture": "#1"},
				"east": {"uv": [7, 10.90625, 7.1, 12.90625], "texture": "#1"},
				"west": {"uv": [12.25, 12.84375, 12.53125, 12.84375], "texture": "#1"},
				"up": {"uv": [13.29063, 9.77188, 10.59063, 9.67188], "rotation": 180, "texture": "#0"}
			}
		},
		{
			"name": "px",
			"from": [10.775, 9.65, 1.55],
			"to": [12.975, 11.025, 1.65],
			"rotation": {"angle": 0, "axis": "y", "origin": [19.85, 11.05, 8.2]},
			"faces": {
				"north": {"uv": [9.79688, 11.5, 14.17188, 13.5], "texture": "#1"},
				"east": {"uv": [7, 10.90625, 7.1, 12.90625], "texture": "#1"},
				"west": {"uv": [12.25, 12.84375, 12.53125, 12.84375], "texture": "#1"},
				"up": {"uv": [13.06563, 9.67188, 10.84063, 9.57188], "rotation": 180, "texture": "#0"}
			}
		},
		{
			"name": "px",
			"from": [11.025, 9.65, 1.475],
			"to": [12.75, 11.025, 1.55],
			"rotation": {"angle": 0, "axis": "y", "origin": [19.85, 11.05, 8.2]},
			"faces": {
				"north": {"uv": [9.79688, 11.5, 14.17188, 13.5], "texture": "#1"},
				"east": {"uv": [7, 10.90625, 7.075, 12.90625], "texture": "#1"},
				"west": {"uv": [12.25, 12.84375, 12.53125, 12.84375], "texture": "#1"},
				"up": {"uv": [12.84063, 9.57188, 11.09063, 9.49687], "rotation": 180, "texture": "#0"}
			}
		},
		{
			"name": "px",
			"from": [11.275, 9.65, 1.4],
			"to": [12.45, 11.025, 1.475],
			"rotation": {"angle": 0, "axis": "y", "origin": [19.85, 11.05, 8.225]},
			"faces": {
				"north": {"uv": [9.79688, 11.5, 14.17188, 13.5], "texture": "#1"},
				"east": {"uv": [7, 10.90625, 7.075, 12.90625], "texture": "#1"},
				"west": {"uv": [12.25, 12.84375, 12.53125, 12.84375], "texture": "#1"},
				"up": {"uv": [12.54063, 9.49687, 11.34063, 9.42188], "rotation": 180, "texture": "#0"}
			}
		}
	],
	"display": {
		"thirdperson_righthand": {
			"scale": [0.5, 0.5, 0.5]
		},
		"thirdperson_lefthand": {
			"scale": [0.5, 0.5, 0.5]
		},
		"firstperson_righthand": {
			"rotation": [5, 45, 0],
			"scale": [0.5, 0.5, 0.5]
		},
		"firstperson_lefthand": {
			"rotation": [5, 45, 0],
			"scale": [0.5, 0.5, 0.5]
		},
		"ground": {
			"translation": [0, 4, 0],
			"scale": [0.4, 0.4, 0.4]
		},
		"gui": {
			"rotation": [20, 45, 0],
			"scale": [0.54, 0.54, 0.54]
		}
	},
	"groups": [
		0,
		1,
		2,
		3,
		{
			"name": "group",
			"origin": [3.9, 0, 7.625],
			"color": 0,
			"children": [
				{
					"name": "group",
					"origin": [3.9, 0, 7.625],
					"color": 0,
					"children": [
						{
							"name": "group",
							"origin": [3.9, 0, 7.625],
							"color": 0,
							"children": [4, 5, 6, 7, 8, 9, 10, 11, 12, 13, 14, 15, 16, 17, 18, 19, 20, 21, 22, 23, 24, 25, 26, 27]
						},
						{
							"name": "group",
							"origin": [3.9, 0, 7.625],
							"color": 0,
							"children": [28, 29, 30, 31, 32, 33, 34, 35, 36, 37, 38, 39, 40, 41, 42, 43, 44, 45, 46, 47, 48, 49, 50]
						}
					]
				},
				{
					"name": "group",
					"origin": [3.9, 0, 7.625],
					"color": 0,
					"children": [
						{
							"name": "group",
							"origin": [3.9, 0, 7.625],
							"color": 0,
							"children": [51, 52, 53, 54, 55, 56, 57, 58, 59, 60, 61, 62, 63, 64, 65, 66, 67, 68, 69, 70, 71, 72, 73, 74]
						},
						{
							"name": "group",
							"origin": [3.9, 0, 7.625],
							"color": 0,
							"children": [75, 76, 77, 78, 79, 80, 81, 82, 83, 84, 85, 86, 87, 88, 89, 90, 91, 92, 93, 94, 95, 96, 97]
						}
					]
				},
				{
					"name": "group",
					"origin": [3.9, 0, 7.625],
					"color": 0,
					"children": [
						{
							"name": "group",
							"origin": [3.9, 0, 7.625],
							"color": 0,
							"children": [98, 99, 100, 101, 102, 103, 104, 105, 106, 107, 108, 109, 110, 111, 112, 113, 114, 115, 116, 117, 118, 119, 120, 121]
						},
						{
							"name": "group",
							"origin": [3.9, 0, 7.625],
							"color": 0,
							"children": [122, 123, 124, 125, 126, 127, 128, 129, 130, 131, 132, 133, 134, 135, 136, 137, 138, 139, 140, 141, 142, 143, 144]
						}
					]
				},
				{
					"name": "group",
					"origin": [3.9, 0, 7.625],
					"color": 0,
					"children": [
						{
							"name": "group",
							"origin": [3.9, 0, 7.625],
							"color": 0,
							"children": [145, 146, 147, 148, 149, 150, 151, 152, 153, 154, 155, 156, 157, 158, 159, 160, 161, 162, 163, 164, 165, 166, 167, 168]
						},
						{
							"name": "group",
							"origin": [3.9, 0, 7.625],
							"color": 0,
							"children": [169, 170, 171, 172, 173, 174, 175, 176, 177, 178, 179, 180, 181, 182, 183, 184, 185, 186, 187, 188, 189, 190, 191]
						}
					]
				}
			]
		}
	]
}