{
	"credit": "Made with Blockbench",
	"ambientocclusion": false,
	"textures": {
		"0": "block/green_leaves_overlay",
		"1": "block/bamboo_tex",
		"particle": "block/green_leaves_overlay"
	},
	"elements": [
		{
			"name": "top overlay",
			"from": [0.55, 0, 4],
			"to": [0.55, 8, 12],
			"rotation": {"angle": 0, "axis": "z", "origin": [0.75, 8, 8]},
			"faces": {
				"west": {"uv": [0, 0, 8, 8], "rotation": 270, "texture": "#0", "cullface": "west"}
			}
		},
		{
			"name": "top overlay",
			"from": [0.35, 0, 4],
			"to": [0.35, 8, 12],
			"rotation": {"angle": 0, "axis": "z", "origin": [0.75, 8, 8]},
			"faces": {
				"east": {"uv": [0, 0, 8, 8], "rotation": 270, "texture": "#0"},
				"west": {"uv": [0, 0, 8, 8], "rotation": 270, "texture": "#0", "cullface": "west"}
			}
		},
		{
			"name": "top overlay",
			"from": [0.15, 0, 4],
			"to": [0.15, 8, 12],
			"rotation": {"angle": 0, "axis": "z", "origin": [0.75, 8, 8]},
			"faces": {
				"east": {"uv": [0, 0, 8, 8], "rotation": 270, "texture": "#0"},
				"west": {"uv": [0, 0, 8, 8], "rotation": 270, "texture": "#0", "cullface": "west"}
			}
		},
		{
			"name": "top overlay",
			"from": [-0.05, 0, 4],
			"to": [-0.05, 8, 12],
			"rotation": {"angle": 0, "axis": "z", "origin": [0.75, 8, 8]},
			"faces": {
				"east": {"uv": [0, 0, 8, 8], "rotation": 270, "texture": "#0"},
				"west": {"uv": [0, 0, 8, 8], "rotation": 270, "texture": "#0", "cullface": "west"}
			}
		},
		{
			"name": "top overlay",
			"from": [-0.25, 0, 4],
			"to": [-0.25, 8, 12],
			"rotation": {"angle": 0, "axis": "z", "origin": [0.75, 8, 8]},
			"faces": {
				"east": {"uv": [0, 0, 8, 8], "rotation": 270, "texture": "#0"},
				"west": {"uv": [0, 0, 8, 8], "rotation": 270, "texture": "#0", "cullface": "west"}
			}
		},
		{
			"name": "top overlay",
			"from": [-0.45, 0, 4],
			"to": [-0.45, 8, 12],
			"rotation": {"angle": 0, "axis": "z", "origin": [0.75, 8, 8]},
			"faces": {
				"east": {"uv": [0, 0, 8, 8], "rotation": 270, "texture": "#0"},
				"west": {"uv": [0, 0, 8, 8], "rotation": 270, "texture": "#0", "cullface": "west"}
			}
		},
		{
			"name": "top overlay",
			"from": [-0.65, 0, 4],
			"to": [-0.65, 8, 12],
			"rotation": {"angle": 0, "axis": "z", "origin": [0.75, 8, 8]},
			"faces": {
				"east": {"uv": [0, 0, 8, 8], "rotation": 270, "texture": "#0"},
				"west": {"uv": [0, 0, 8, 8], "rotation": 270, "texture": "#0", "cullface": "west"}
			}
		},
		{
			"from": [0.75, 0, 4],
			"to": [3.95, 8, 12],
			"rotation": {"angle": 0, "axis": "z", "origin": [0.75, 8, 8]},
			"faces": {
				"north": {"uv": [8.10938, 6.39063, 16, 14.39063], "rotation": 90, "texture": "#1"},
				"south": {"uv": [8.07813, 6.46875, 16, 14.46875], "rotation": 270, "texture": "#1"},
				"west": {"uv": [8.03125, 6.46875, 16, 14.46875], "rotation": 270, "texture": "#1", "cullface": "west"},
				"up": {"uv": [8.04688, 3.15625, 16.04688, 6.3125], "rotation": 270, "texture": "#1"},
				"down": {"uv": [8.04688, 3.20313, 16.04688, 6.40626], "rotation": 270, "texture": "#1", "cullface": "down"}
			}
		},
		{
			"name": "top overlay",
			"from": [4, 0, 0.55],
			"to": [12, 8, 0.55],
			"rotation": {"angle": 0, "axis": "y", "origin": [8, 8, 0.75]},
			"faces": {
				"north": {"uv": [0, 0, 8, 8], "rotation": 270, "texture": "#0", "cullface": "north"}
			}
		},
		{
			"name": "top overlay",
			"from": [4, 0, 0.35],
			"to": [12, 8, 0.35],
			"rotation": {"angle": 0, "axis": "y", "origin": [8, 8, 0.75]},
			"faces": {
				"north": {"uv": [0, 0, 8, 8], "rotation": 270, "texture": "#0", "cullface": "north"},
				"south": {"uv": [0, 0, 8, 8], "rotation": 270, "texture": "#0"}
			}
		},
		{
			"name": "top overlay",
			"from": [4, 0, 0.15],
			"to": [12, 8, 0.15],
			"rotation": {"angle": 0, "axis": "y", "origin": [8, 8, 0.75]},
			"faces": {
				"north": {"uv": [0, 0, 8, 8], "rotation": 270, "texture": "#0", "cullface": "north"},
				"south": {"uv": [0, 0, 8, 8], "rotation": 270, "texture": "#0"}
			}
		},
		{
			"name": "top overlay",
			"from": [4, 0, -0.05],
			"to": [12, 8, -0.05],
			"rotation": {"angle": 0, "axis": "y", "origin": [8, 8, 0.75]},
			"faces": {
				"north": {"uv": [0, 0, 8, 8], "rotation": 270, "texture": "#0", "cullface": "north"},
				"south": {"uv": [0, 0, 8, 8], "rotation": 270, "texture": "#0"}
			}
		},
		{
			"name": "top overlay",
			"from": [4, 0, -0.25],
			"to": [12, 8, -0.25],
			"rotation": {"angle": 0, "axis": "y", "origin": [8, 8, 0.75]},
			"faces": {
				"north": {"uv": [0, 0, 8, 8], "rotation": 270, "texture": "#0", "cullface": "north"},
				"south": {"uv": [0, 0, 8, 8], "rotation": 270, "texture": "#0"}
			}
		},
		{
			"name": "top overlay",
			"from": [4, 0, -0.45],
			"to": [12, 8, -0.45],
			"rotation": {"angle": 0, "axis": "y", "origin": [8, 8, 0.75]},
			"faces": {
				"north": {"uv": [0, 0, 8, 8], "rotation": 270, "texture": "#0", "cullface": "north"},
				"south": {"uv": [0, 0, 8, 8], "rotation": 270, "texture": "#0"}
			}
		},
		{
			"name": "top overlay",
			"from": [4, 0, -0.65],
			"to": [12, 8, -0.65],
			"rotation": {"angle": 0, "axis": "y", "origin": [8, 8, 0.75]},
			"faces": {
				"north": {"uv": [0, 0, 8, 8], "rotation": 270, "texture": "#0", "cullface": "north"},
				"south": {"uv": [0, 0, 8, 8], "rotation": 270, "texture": "#0"}
			}
		},
		{
			"from": [4, 0, 0.75],
			"to": [12, 8, 3.95],
			"rotation": {"angle": 0, "axis": "y", "origin": [8, 8, 0.75]},
			"faces": {
				"north": {"uv": [8.07813, 6.42188, 16, 14.42188], "rotation": 270, "texture": "#1", "cullface": "north"},
				"east": {"uv": [8.125, 6.375, 16, 14.375], "rotation": 90, "texture": "#1"},
				"west": {"uv": [8.07813, 6.42188, 16, 14.42188], "rotation": 270, "texture": "#1"},
				"up": {"uv": [8.04688, 3.20313, 16.04688, 6.35938], "texture": "#1"},
				"down": {"uv": [8.04688, 3.20313, 16.04688, 6.40626], "rotation": 180, "texture": "#1", "cullface": "down"}
			}
		},
		{
			"name": "top overlay",
			"from": [4, 0, 15.45],
			"to": [12, 8, 15.45],
			"rotation": {"angle": 0, "axis": "y", "origin": [8, 8, 15.25]},
			"faces": {
				"south": {"uv": [0, 0, 8, 8], "rotation": 270, "texture": "#0", "cullface": "south"}
			}
		},
		{
			"name": "top overlay",
			"from": [4, 0, 15.65],
			"to": [12, 8, 15.65],
			"rotation": {"angle": 0, "axis": "y", "origin": [8, 8, 15.25]},
			"faces": {
				"north": {"uv": [0, 0, 8, 8], "rotation": 270, "texture": "#0"},
				"south": {"uv": [0, 0, 8, 8], "rotation": 270, "texture": "#0", "cullface": "south"}
			}
		},
		{
			"name": "top overlay",
			"from": [4, 0, 15.85],
			"to": [12, 8, 15.85],
			"rotation": {"angle": 0, "axis": "y", "origin": [8, 8, 15.25]},
			"faces": {
				"north": {"uv": [0, 0, 8, 8], "rotation": 270, "texture": "#0"},
				"south": {"uv": [0, 0, 8, 8], "rotation": 270, "texture": "#0", "cullface": "south"}
			}
		},
		{
			"name": "top overlay",
			"from": [4, 0, 16.05],
			"to": [12, 8, 16.05],
			"rotation": {"angle": 0, "axis": "y", "origin": [8, 8, 15.25]},
			"faces": {
				"north": {"uv": [0, 0, 8, 8], "rotation": 270, "texture": "#0"},
				"south": {"uv": [0, 0, 8, 8], "rotation": 270, "texture": "#0", "cullface": "south"}
			}
		},
		{
			"name": "top overlay",
			"from": [4, 0, 16.25],
			"to": [12, 8, 16.25],
			"rotation": {"angle": 0, "axis": "y", "origin": [8, 8, 15.25]},
			"faces": {
				"north": {"uv": [0, 0, 8, 8], "rotation": 270, "texture": "#0"},
				"south": {"uv": [0, 0, 8, 8], "rotation": 270, "texture": "#0", "cullface": "south"}
			}
		},
		{
			"name": "top overlay",
			"from": [4, 0, 16.45],
			"to": [12, 8, 16.45],
			"rotation": {"angle": 0, "axis": "y", "origin": [8, 8, 15.25]},
			"faces": {
				"north": {"uv": [0, 0, 8, 8], "rotation": 270, "texture": "#0"},
				"south": {"uv": [0, 0, 8, 8], "rotation": 270, "texture": "#0", "cullface": "south"}
			}
		},
		{
			"name": "top overlay",
			"from": [4, 0, 16.65],
			"to": [12, 8, 16.65],
			"rotation": {"angle": 0, "axis": "y", "origin": [8, 8, 15.25]},
			"faces": {
				"north": {"uv": [0, 0, 8, 8], "rotation": 270, "texture": "#0"},
				"south": {"uv": [0, 0, 8, 8], "rotation": 270, "texture": "#0", "cullface": "south"}
			}
		},
		{
			"from": [4, 0, 12.05],
			"to": [12, 8, 15.25],
			"rotation": {"angle": 0, "axis": "y", "origin": [8, 8, 15.25]},
			"faces": {
				"east": {"uv": [8.10938, 6.46875, 16, 14.46875], "rotation": 270, "texture": "#1"},
				"south": {"uv": [8.07813, 6.42188, 16, 14.42188], "rotation": 270, "texture": "#1", "cullface": "south"},
				"west": {"uv": [8.07813, 6.42188, 16, 14.42188], "rotation": 90, "texture": "#1"},
				"up": {"uv": [8.04688, 3.15625, 16.04688, 6.3125], "rotation": 180, "texture": "#1"},
				"down": {"uv": [8.04688, 3.20313, 16.04688, 6.40626], "texture": "#1", "cullface": "down"}
			}
		},
		{
			"name": "top overlay",
			"from": [15.45, 0, 4],
			"to": [15.45, 8, 12],
			"rotation": {"angle": 0, "axis": "y", "origin": [15.25, 8, 8]},
			"faces": {
				"east": {"uv": [0, 0, 8, 8], "rotation": 270, "texture": "#0", "cullface": "east"}
			}
		},
		{
			"name": "top overlay",
			"from": [15.65, 0, 4],
			"to": [15.65, 8, 12],
			"rotation": {"angle": 0, "axis": "y", "origin": [15.25, 8, 8]},
			"faces": {
				"east": {"uv": [0, 0, 8, 8], "rotation": 270, "texture": "#0", "cullface": "east"},
				"west": {"uv": [0, 0, 8, 8], "rotation": 270, "texture": "#0"}
			}
		},
		{
			"name": "top overlay",
			"from": [15.85, 0, 4],
			"to": [15.85, 8, 12],
			"rotation": {"angle": 0, "axis": "y", "origin": [15.25, 8, 8]},
			"faces": {
				"east": {"uv": [0, 0, 8, 8], "rotation": 270, "texture": "#0", "cullface": "east"},
				"west": {"uv": [0, 0, 8, 8], "rotation": 270, "texture": "#0"}
			}
		},
		{
			"name": "top overlay",
			"from": [16.05, 0, 4],
			"to": [16.05, 8, 12],
			"rotation": {"angle": 0, "axis": "y", "origin": [15.25, 8, 8]},
			"faces": {
				"east": {"uv": [0, 0, 8, 8], "rotation": 270, "texture": "#0", "cullface": "east"},
				"west": {"uv": [0, 0, 8, 8], "rotation": 270, "texture": "#0"}
			}
		},
		{
			"name": "top overlay",
			"from": [16.25, 0, 4],
			"to": [16.25, 8, 12],
			"rotation": {"angle": 0, "axis": "y", "origin": [15.25, 8, 8]},
			"faces": {
				"east": {"uv": [0, 0, 8, 8], "rotation": 270, "texture": "#0", "cullface": "east"},
				"west": {"uv": [0, 0, 8, 8], "rotation": 270, "texture": "#0"}
			}
		},
		{
			"name": "top overlay",
			"from": [16.45, 0, 4],
			"to": [16.45, 8, 12],
			"rotation": {"angle": 0, "axis": "y", "origin": [15.25, 8, 8]},
			"faces": {
				"east": {"uv": [0, 0, 8, 8], "rotation": 270, "texture": "#0", "cullface": "east"},
				"west": {"uv": [0, 0, 8, 8], "rotation": 270, "texture": "#0"}
			}
		},
		{
			"name": "top overlay",
			"from": [16.65, 0, 4],
			"to": [16.65, 8, 12],
			"rotation": {"angle": 0, "axis": "y", "origin": [15.25, 8, 8]},
			"faces": {
				"east": {"uv": [0, 0, 8, 8], "rotation": 270, "texture": "#0", "cullface": "east"},
				"west": {"uv": [0, 0, 8, 8], "rotation": 270, "texture": "#0"}
			}
		},
		{
			"from": [12.05, 0, 4],
			"to": [15.25, 8, 12],
			"rotation": {"angle": 0, "axis": "y", "origin": [15.25, 8, 8]},
			"faces": {
				"north": {"uv": [8.09375, 6.375, 16, 14.375], "rotation": 270, "texture": "#1"},
				"east": {"uv": [8.26563, 6.42188, 16, 14.42188], "rotation": 270, "texture": "#1", "cullface": "east"},
				"south": {"uv": [8.17188, 6.375, 16, 14.375], "rotation": 90, "texture": "#1"},
				"up": {"uv": [8.04688, 3.20313, 16.04688, 6.35938], "rotation": 90, "texture": "#1"},
				"down": {"uv": [8.04688, 3.20313, 16.04688, 6.40626], "rotation": 90, "texture": "#1", "cullface": "down"}
			}
		}
	],
	"display": {
		"thirdperson_righthand": {
			"scale": [0.5, 0.5, 0.5]
		},
		"thirdperson_lefthand": {
			"scale": [0.5, 0.5, 0.5]
		},
		"firstperson_righthand": {
			"rotation": [5, 45, 0],
			"scale": [0.5, 0.5, 0.5]
		},
		"firstperson_lefthand": {
			"rotation": [5, 45, 0],
			"scale": [0.5, 0.5, 0.5]
		},
		"ground": {
			"translation": [0, 4, 0],
			"scale": [0.4, 0.4, 0.4]
		},
		"gui": {
			"rotation": [20, 45, 0],
			"scale": [0.54, 0.54, 0.54]
		}
	},
	"groups": [
		{
			"name": "bamboo_large_leaves",
			"origin": [8, 8, 8],
			"color": 0,
			"children": [
				{
					"name": "cactus",
					"origin": [8, 8, 8],
					"color": 0,
					"children": [
						{
							"name": "group",
							"origin": [8, 8, 8],
							"color": 0,
							"children": [
								{
									"name": "group",
									"origin": [8, 8, 8],
									"color": 0,
									"children": [0, 1, 2, 3, 4, 5, 6, 7]
								},
								{
									"name": "group",
									"origin": [8, 8, 8],
									"color": 0,
									"children": [8, 9, 10, 11, 12, 13, 14, 15]
								},
								{
									"name": "group",
									"origin": [8, 8, 8],
									"color": 0,
									"children": [16, 17, 18, 19, 20, 21, 22, 23]
								},
								{
									"name": "group",
									"origin": [8, 8, 8],
									"color": 0,
									"children": [24, 25, 26, 27, 28, 29, 30, 31]
								}
							]
						}
					]
				}
			]
		}
	]
}