{
	"credit": "Made with Blockbench",
	"ambientocclusion": false,
	"textures": {
		"1": "block/nether_planks_block_side2",
		"2": "block/acacia_planks_block_side2",
		"3": "block/gold_ore_block_side2",
		"particle": "block/acacia_planks_block_side2"
	},
	"elements": [
		{
			"from": [0, 3.2, 0],
			"to": [8, 12.85, 16],
			"faces": {
				"north": {"uv": [0, 6.34375, 8, 16.0625], "texture": "#3", "cullface": "north"},
				"east": {"uv": [0, 6.32813, 8, 16], "texture": "#3"},
				"south": {"uv": [0, 6.34375, 8, 16], "texture": "#3", "cullface": "south"},
				"west": {"uv": [8, 6.32813, 0, 16], "texture": "#3"}
			}
		},
		{
			"from": [0, 0, 0],
			"to": [8, 3.175, 16],
			"faces": {
				"north": {"uv": [0, 0, 8, 3.17188], "texture": "#2", "cullface": "north"},
				"east": {"uv": [0, 0, 16, 3.20313], "texture": "#2"},
				"south": {"uv": [0, 0, 8, 3.20313], "texture": "#2", "cullface": "south"},
				"west": {"uv": [0, 0.0625, 16, 3.125], "texture": "#2"}
			}
		},
		{
			"from": [0, 12.85, 0],
			"to": [8, 16.05, 8],
			"faces": {
				"north": {"uv": [0, 0, 8, 3.17188], "texture": "#3", "cullface": "north"},
				"east": {"uv": [8, 0, 16, 3.14063], "texture": "#3"},
				"west": {"uv": [0, 0.0625, 8, 3.125], "texture": "#3"}
			}
		},
		{
			"from": [0, 12.85, 8],
			"to": [8, 16.05, 16],
			"faces": {
				"east": {"uv": [0, 0, 8, 3.15626], "texture": "#1"},
				"south": {"uv": [0, 0, 8, 3.20313], "texture": "#1", "cullface": "south"},
				"west": {"uv": [0, 0, 8, 3.1875], "texture": "#1"}
			}
		}
	],
	"display": {
		"thirdperson_righthand": {
			"scale": [0.5, 0.5, 0.5]
		},
		"thirdperson_lefthand": {
			"scale": [0.5, 0.5, 0.5]
		},
		"firstperson_righthand": {
			"rotation": [5, 45, 0],
			"scale": [0.5, 0.5, 0.5]
		},
		"firstperson_lefthand": {
			"rotation": [5, 45, 0],
			"scale": [0.5, 0.5, 0.5]
		},
		"ground": {
			"translation": [0, 4, 0],
			"scale": [0.4, 0.4, 0.4]
		},
		"gui": {
			"rotation": [20, 45, 0],
			"scale": [0.54, 0.54, 0.54]
		}
	},
	"groups": [
		{
			"name": "fence_post",
			"origin": [8, 8, 8],
			"color": 0,
			"children": [0, 1, 2, 3]
		}
	]
}