{
	"credit": "Made with Blockbench",
	"textures": {
		"1": "block/nether_planks_block_side2",
		"2": "block/deepslate_bottom",
		"4": "block/deepslate",
		"particle": "block/deepslate_bottom"
	},
	"elements": [
		{
			"from": [8, 12.8, 0],
			"to": [16, 16, 8],
			"faces": {
				"north": {"uv": [0, 13, 8, 16], "texture": "#4", "cullface": "north"},
				"east": {"uv": [0, 13, 8, 16], "texture": "#4", "cullface": "east"},
				"up": {"uv": [0, 3.3125, 8, 11.3125], "texture": "#4", "cullface": "up"}
			}
		},
		{
			"from": [0, 0, 0],
			"to": [16, 3.2, 16],
			"faces": {
				"north": {"uv": [0, 0, 16, 3], "texture": "#4", "cullface": "north"},
				"east": {"uv": [0, 0, 16, 3], "texture": "#4", "cullface": "east"},
				"south": {"uv": [0, 0, 16, 2.98438], "texture": "#4", "cullface": "south"},
				"west": {"uv": [0, 0, 16, 2.95313], "texture": "#4", "cullface": "west"},
				"down": {"uv": [0, 0, 16, 16], "texture": "#2", "cullface": "down"}
			}
		},
		{
			"from": [8, 3.2, 8],
			"to": [16, 12.8, 16],
			"faces": {
				"east": {"uv": [0, 3.15626, 16, 12.82813], "texture": "#4", "cullface": "east"},
				"south": {"uv": [0, 3.15625, 16, 12.875], "texture": "#4", "cullface": "south"}
			}
		},
		{
			"from": [8, 3.2, 0],
			"to": [16, 12.8, 8],
			"faces": {
				"north": {"uv": [0, 6.28126, 16, 15.95313], "texture": "#1", "cullface": "north"},
				"east": {"uv": [0, 6.28125, 16, 16], "texture": "#1", "cullface": "east"}
			}
		},
		{
			"from": [0, 3.2, 0],
			"to": [8, 12.8, 8],
			"faces": {
				"north": {"uv": [0, 3.125, 16, 12.84375], "texture": "#4", "cullface": "north"},
				"west": {"uv": [0, 3.17188, 16, 12.84375], "texture": "#4", "cullface": "west"}
			}
		},
		{
			"from": [0, 3.2, 8],
			"to": [8, 12.8, 16],
			"faces": {
				"south": {"uv": [0, 6.32813, 16, 16], "texture": "#1", "cullface": "south"},
				"west": {"uv": [0, 6.28125, 16, 16], "texture": "#1", "cullface": "west"}
			}
		},
		{
			"from": [8, 12.8, 8],
			"to": [16, 16, 16],
			"faces": {
				"east": {"uv": [0, 13, 8, 16], "texture": "#1", "cullface": "east"},
				"south": {"uv": [0, 13, 8, 16], "texture": "#1", "cullface": "south"},
				"up": {"uv": [8, 8, 16, 16], "texture": "#1", "cullface": "up"}
			}
		},
		{
			"from": [0, 12.8, 8],
			"to": [8, 16, 16],
			"faces": {
				"south": {"uv": [0, 13, 8, 16], "texture": "#4", "cullface": "south"},
				"west": {"uv": [0, 13, 8, 16], "texture": "#4", "cullface": "west"},
				"up": {"uv": [8, 4.53125, 16, 12.53125], "texture": "#4", "cullface": "up"}
			}
		},
		{
			"from": [0, 12.8, 0],
			"to": [8, 16, 8],
			"faces": {
				"north": {"uv": [0, 12.78125, 8, 16], "texture": "#1", "cullface": "north"},
				"west": {"uv": [8, 12.82812, 16, 16], "texture": "#1", "cullface": "west"},
				"up": {"uv": [8, 8, 16, 16], "texture": "#1", "cullface": "up"}
			}
		}
	],
	"display": {
		"thirdperson_righthand": {
			"scale": [0.5, 0.5, 0.5]
		},
		"thirdperson_lefthand": {
			"scale": [0.5, 0.5, 0.5]
		},
		"firstperson_righthand": {
			"rotation": [5, 45, 0],
			"scale": [0.5, 0.5, 0.5]
		},
		"firstperson_lefthand": {
			"rotation": [5, 45, 0],
			"scale": [0.5, 0.5, 0.5]
		},
		"ground": {
			"translation": [0, 4, 0],
			"scale": [0.4, 0.4, 0.4]
		},
		"gui": {
			"rotation": [20, 45, 0],
			"scale": [0.54, 0.54, 0.54]
		}
	}
}