{
	"credit": "Made with Blockbench",
	"parent": "block/template_fence_gate_open",
	"textures": {
		"2": "block/iron_ore_block_side2",
		"4": "block/oak_log",
		"7": "block/iron_ore_block_top",
		"8": "block/iron_ore_block_bottom"
	},
	"elements": [
		{
			"from": [0, 9.59322, 0],
			"to": [16, 12.80653, 16],
			"faces": {
				"north": {"uv": [0, 0, 16, 3.15625], "texture": "#4", "cullface": "north"},
				"east": {"uv": [0, 0, 16, 3.15625], "texture": "#4", "cullface": "east"},
				"south": {"uv": [0, 0, 16, 3.15625], "texture": "#4", "cullface": "south"},
				"west": {"uv": [0, 0, 16, 3.15625], "texture": "#4", "cullface": "west"}
			}
		},
		{
			"from": [0, 6.3799, 0],
			"to": [16, 9.59322, 16],
			"faces": {
				"north": {"uv": [0, 0, 16, 3.15625], "texture": "#2", "cullface": "north"},
				"east": {"uv": [0, 0, 16, 3.15625], "texture": "#2", "cullface": "east"},
				"south": {"uv": [0, 0, 16, 3.15625], "texture": "#2", "cullface": "south"},
				"west": {"uv": [0, 0, 16, 3.15625], "texture": "#2", "cullface": "west"}
			}
		},
		{
			"from": [0, 3.16659, 0],
			"to": [16, 6.3799, 16],
			"faces": {
				"north": {"uv": [0, 0, 16, 3.15625], "texture": "#4", "cullface": "north"},
				"east": {"uv": [0, 0, 16, 3.15625], "texture": "#4", "cullface": "east"},
				"south": {"uv": [0, 0, 16, 3.15625], "texture": "#4", "cullface": "south"},
				"west": {"uv": [0, 0, 16, 3.15625], "texture": "#4", "cullface": "west"}
			}
		},
		{
			"from": [0, 0, 0],
			"to": [16, 3.175, 8],
			"faces": {
				"north": {"uv": [0.04688, 0, 16.04688, 3.15625], "texture": "#2", "cullface": "north"},
				"east": {"uv": [8, 0, 16, 3.15625], "texture": "#2", "cullface": "east"},
				"west": {"uv": [0, 0, 8, 3.15625], "texture": "#2", "cullface": "west"},
				"down": {"uv": [8, 0, 16, 16], "rotation": 90, "texture": "#8", "cullface": "down"}
			}
		},
		{
			"from": [0, 0, 8],
			"to": [16, 3.175, 16],
			"faces": {
				"east": {"uv": [0, 0, 16, 3.15625], "texture": "#2", "cullface": "east"},
				"south": {"uv": [0, 0, 16, 3.15625], "texture": "#2", "cullface": "south"},
				"west": {"uv": [0, 0, 16, 3.15625], "texture": "#2", "cullface": "west"},
				"down": {"uv": [8, 0, 16, 16], "rotation": 90, "texture": "#8", "cullface": "down"}
			}
		},
		{
			"from": [0, 12.825, 8],
			"to": [16, 16, 16],
			"faces": {
				"east": {"uv": [0, 0, 8, 3.15625], "texture": "#2", "cullface": "east"},
				"south": {"uv": [0.04688, 0, 16.04688, 3.15625], "rotation": 180, "texture": "#2", "cullface": "south"},
				"west": {"uv": [8, 0, 16, 3.15625], "texture": "#2", "cullface": "west"},
				"up": {"uv": [0, 0, 8, 16], "texture": "#7", "cullface": "up"}
			}
		},
		{
			"from": [0, 12.825, 0],
			"to": [16, 16, 8],
			"faces": {
				"north": {"uv": [0, 0, 16, 3.15625], "rotation": 180, "texture": "#2", "cullface": "north"},
				"east": {"uv": [0, 0, 16, 3.15625], "rotation": 180, "texture": "#2", "cullface": "east"},
				"west": {"uv": [0, 0, 16, 3.15625], "rotation": 180, "texture": "#2", "cullface": "west"},
				"up": {"uv": [0, 0, 8, 16], "rotation": 90, "texture": "#7", "cullface": "up"}
			}
		}
	],
	"display": {
		"thirdperson_righthand": {
			"scale": [0.5, 0.5, 0.5]
		},
		"thirdperson_lefthand": {
			"scale": [0.5, 0.5, 0.5]
		},
		"firstperson_righthand": {
			"rotation": [5, 45, 0],
			"scale": [0.5, 0.5, 0.5]
		},
		"firstperson_lefthand": {
			"rotation": [5, 45, 0],
			"scale": [0.5, 0.5, 0.5]
		},
		"ground": {
			"translation": [0, 4, 0],
			"scale": [0.4, 0.4, 0.4]
		},
		"gui": {
			"rotation": [20, -45, 0],
			"scale": [0.54, 0.54, 0.54]
		}
	},
	"groups": [
		0,
		1,
		2,
		{
			"name": "oak_fence_gate_open",
			"origin": [8, 8, 8],
			"color": 0,
			"children": []
		},
		3,
		4,
		5,
		6
	]
}