{
	"credit": "Made with Blockbench",
	"ambientocclusion": false,
	"textures": {
		"0": "block/red_overlay",
		"1": "block/tnt_block_top",
		"2": "block/redstone_block",
		"3": "block/tnt_bottom",
		"particle": "block/tnt_bottom"
	},
	"elements": [
		{
			"from": [8, 4.85, 8],
			"to": [16, 16, 16],
			"faces": {
				"north": {"uv": [0, 6.32813, 8, 14.03125], "texture": "#2", "cullface": "north"},
				"east": {"uv": [0, 6.32813, 16, 12.10938], "texture": "#2", "cullface": "east"},
				"south": {"uv": [8, 6.39063, 16, 15.04688], "texture": "#2", "cullface": "south"},
				"west": {"uv": [0, 0, 16, 10.85938], "texture": "#2"},
				"up": {"uv": [0, 0, 8, 16], "texture": "#1", "cullface": "up"}
			}
		},
		{
			"name": "px",
			"from": [9.4, 16.05, 11.75],
			"to": [14.475, 17.425, 12.075],
			"rotation": {"angle": 0, "axis": "y", "origin": [3.7, 11.05, 5.925]},
			"faces": {
				"east": {"uv": [7, 10.90625, 7.275, 12.90625], "texture": "#1", "cullface": "up"},
				"west": {"uv": [12.25, 12.84375, 12.53125, 12.84375], "texture": "#1", "cullface": "up"},
				"up": {"uv": [9.375, 11.8, 14.45, 12.075], "texture": "#0", "cullface": "up"}
			}
		},
		{
			"name": "px",
			"from": [9.4, 16.05, 12.075],
			"to": [14.475, 17.425, 12.275],
			"rotation": {"angle": 0, "axis": "y", "origin": [3.7, 11.05, 6.025]},
			"faces": {
				"east": {"uv": [7, 10.90625, 7.2, 12.90625], "texture": "#1", "cullface": "up"},
				"south": {"uv": [2.09375, 12.25, 7.17188, 14.25], "texture": "#1", "cullface": "up"},
				"west": {"uv": [12.25, 12.84375, 12.53125, 12.84375], "texture": "#1", "cullface": "up"},
				"up": {"uv": [9.375, 12.075, 14.45, 12.275], "texture": "#0", "cullface": "up"}
			}
		},
		{
			"name": "px",
			"from": [9.425, 16.05, 12.275],
			"to": [14.45, 17.425, 12.4],
			"rotation": {"angle": 0, "axis": "y", "origin": [3.7, 11.05, 6.225]},
			"faces": {
				"east": {"uv": [7, 10.90625, 7.125, 12.90625], "texture": "#1", "cullface": "up"},
				"south": {"uv": [2.09375, 12.25, 7.17188, 14.25], "texture": "#1", "cullface": "up"},
				"west": {"uv": [12.25, 12.84375, 12.53125, 12.84375], "texture": "#1", "cullface": "up"},
				"up": {"uv": [9.4, 12.275, 14.425, 12.4], "texture": "#0", "cullface": "up"}
			}
		},
		{
			"name": "px",
			"from": [9.475, 16.05, 12.5],
			"to": [14.4, 17.425, 12.6],
			"rotation": {"angle": 0, "axis": "y", "origin": [3.7, 11.05, 6.45]},
			"faces": {
				"east": {"uv": [7, 10.90625, 7.1, 12.90625], "texture": "#1", "cullface": "up"},
				"south": {"uv": [2.09375, 12.25, 7.17188, 14.25], "texture": "#1", "cullface": "up"},
				"west": {"uv": [12.25, 12.84375, 12.53125, 12.84375], "texture": "#1", "cullface": "up"},
				"up": {"uv": [9.45, 12.5, 14.375, 12.6], "texture": "#0", "cullface": "up"}
			}
		},
		{
			"name": "px",
			"from": [9.45, 16.05, 12.4],
			"to": [14.425, 17.425, 12.5],
			"rotation": {"angle": 0, "axis": "y", "origin": [3.7, 11.05, 6.35]},
			"faces": {
				"east": {"uv": [7, 10.90625, 7.1, 12.90625], "texture": "#1", "cullface": "up"},
				"south": {"uv": [2.09375, 12.25, 7.17188, 14.25], "texture": "#1", "cullface": "up"},
				"west": {"uv": [12.25, 12.84375, 12.53125, 12.84375], "texture": "#1", "cullface": "up"},
				"up": {"uv": [9.425, 12.4, 14.4, 12.5], "texture": "#0", "cullface": "up"}
			}
		},
		{
			"name": "px",
			"from": [9.5, 16.05, 12.6],
			"to": [14.375, 17.425, 12.7],
			"rotation": {"angle": 0, "axis": "y", "origin": [3.7, 11.05, 6.55]},
			"faces": {
				"east": {"uv": [7, 10.90625, 7.1, 12.90625], "texture": "#1", "cullface": "up"},
				"south": {"uv": [2.09375, 12.25, 7.17188, 14.25], "texture": "#1", "cullface": "up"},
				"west": {"uv": [12.25, 12.84375, 12.53125, 12.84375], "texture": "#1", "cullface": "up"},
				"up": {"uv": [9.475, 12.6, 14.35, 12.7], "texture": "#0", "cullface": "up"}
			}
		},
		{
			"name": "px",
			"from": [9.575, 16.05, 12.8],
			"to": [14.325, 17.425, 12.9],
			"rotation": {"angle": 0, "axis": "y", "origin": [3.7, 11.05, 6.75]},
			"faces": {
				"east": {"uv": [7, 10.90625, 7.1, 12.90625], "texture": "#1", "cullface": "up"},
				"south": {"uv": [2.09375, 12.25, 7.17188, 14.25], "texture": "#1", "cullface": "up"},
				"west": {"uv": [12.25, 12.84375, 12.53125, 12.84375], "texture": "#1", "cullface": "up"},
				"up": {"uv": [9.55, 12.8, 14.3, 12.9], "texture": "#0", "cullface": "up"}
			}
		},
		{
			"name": "px",
			"from": [9.55, 16.05, 12.7],
			"to": [14.35, 17.425, 12.8],
			"rotation": {"angle": 0, "axis": "y", "origin": [3.7, 11.05, 6.65]},
			"faces": {
				"east": {"uv": [7, 10.90625, 7.1, 12.90625], "texture": "#1", "cullface": "up"},
				"south": {"uv": [2.09375, 12.25, 7.17188, 14.25], "texture": "#1", "cullface": "up"},
				"west": {"uv": [12.25, 12.84375, 12.53125, 12.84375], "texture": "#1", "cullface": "up"},
				"up": {"uv": [9.525, 12.7, 14.325, 12.8], "texture": "#0", "cullface": "up"}
			}
		},
		{
			"name": "px",
			"from": [9.6, 16.05, 12.9],
			"to": [14.275, 17.425, 13],
			"rotation": {"angle": 0, "axis": "y", "origin": [3.7, 11.05, 6.85]},
			"faces": {
				"east": {"uv": [7, 10.90625, 7.1, 12.90625], "texture": "#1", "cullface": "up"},
				"south": {"uv": [2.09375, 12.25, 7.17188, 14.25], "texture": "#1", "cullface": "up"},
				"west": {"uv": [12.25, 12.84375, 12.53125, 12.84375], "texture": "#1", "cullface": "up"},
				"up": {"uv": [9.575, 12.9, 14.25, 13], "texture": "#0", "cullface": "up"}
			}
		},
		{
			"name": "px",
			"from": [9.65, 16.05, 13],
			"to": [14.225, 17.425, 13.1],
			"rotation": {"angle": 0, "axis": "y", "origin": [3.7, 11.05, 6.95]},
			"faces": {
				"east": {"uv": [7, 10.90625, 7.1, 12.90625], "texture": "#1", "cullface": "up"},
				"south": {"uv": [2.09375, 12.25, 7.17188, 14.25], "texture": "#1", "cullface": "up"},
				"west": {"uv": [12.25, 12.84375, 12.53125, 12.84375], "texture": "#1", "cullface": "up"},
				"up": {"uv": [9.625, 13, 14.2, 13.1], "texture": "#0", "cullface": "up"}
			}
		},
		{
			"name": "px",
			"from": [9.7, 16.05, 13.1],
			"to": [14.175, 17.425, 13.2],
			"rotation": {"angle": 0, "axis": "y", "origin": [3.7, 11.05, 7.05]},
			"faces": {
				"east": {"uv": [7, 10.90625, 7.1, 12.90625], "texture": "#1", "cullface": "up"},
				"south": {"uv": [2.09375, 12.25, 7.17188, 14.25], "texture": "#1", "cullface": "up"},
				"west": {"uv": [12.25, 12.84375, 12.53125, 12.84375], "texture": "#1", "cullface": "up"},
				"up": {"uv": [9.675, 13.1, 14.15, 13.2], "texture": "#0", "cullface": "up"}
			}
		},
		{
			"name": "px",
			"from": [9.75, 16.05, 13.2],
			"to": [14.125, 17.425, 13.3],
			"rotation": {"angle": 0, "axis": "y", "origin": [3.7, 11.05, 7.15]},
			"faces": {
				"east": {"uv": [7, 10.90625, 7.1, 12.90625], "texture": "#1", "cullface": "up"},
				"south": {"uv": [2.09375, 12.25, 7.17188, 14.25], "texture": "#1", "cullface": "up"},
				"west": {"uv": [12.25, 12.84375, 12.53125, 12.84375], "texture": "#1", "cullface": "up"},
				"up": {"uv": [9.725, 13.2, 14.1, 13.3], "texture": "#0", "cullface": "up"}
			}
		},
		{
			"name": "px",
			"from": [9.8, 16.05, 13.3],
			"to": [14.075, 17.425, 13.4],
			"rotation": {"angle": 0, "axis": "y", "origin": [3.7, 11.05, 7.25]},
			"faces": {
				"east": {"uv": [7, 10.90625, 7.1, 12.90625], "texture": "#1", "cullface": "up"},
				"south": {"uv": [2.09375, 12.25, 7.17188, 14.25], "texture": "#1", "cullface": "up"},
				"west": {"uv": [12.25, 12.84375, 12.53125, 12.84375], "texture": "#1", "cullface": "up"},
				"up": {"uv": [9.775, 13.3, 14.05, 13.4], "texture": "#0", "cullface": "up"}
			}
		},
		{
			"name": "px",
			"from": [9.875, 16.05, 13.4],
			"to": [14, 17.425, 13.5],
			"rotation": {"angle": 0, "axis": "y", "origin": [3.7, 11.05, 7.35]},
			"faces": {
				"east": {"uv": [7, 10.90625, 7.1, 12.90625], "texture": "#1", "cullface": "up"},
				"south": {"uv": [2.09375, 12.25, 7.17188, 14.25], "texture": "#1", "cullface": "up"},
				"west": {"uv": [12.25, 12.84375, 12.53125, 12.84375], "texture": "#1", "cullface": "up"},
				"up": {"uv": [9.85, 13.4, 13.975, 13.5], "texture": "#0", "cullface": "up"}
			}
		},
		{
			"name": "px",
			"from": [9.95, 16.05, 13.5],
			"to": [13.925, 17.425, 13.6],
			"rotation": {"angle": 0, "axis": "y", "origin": [3.7, 11.05, 7.45]},
			"faces": {
				"east": {"uv": [7, 10.90625, 7.1, 12.90625], "texture": "#1", "cullface": "up"},
				"south": {"uv": [2.09375, 12.25, 7.17188, 14.25], "texture": "#1", "cullface": "up"},
				"west": {"uv": [12.25, 12.84375, 12.53125, 12.84375], "texture": "#1", "cullface": "up"},
				"up": {"uv": [9.925, 13.5, 13.9, 13.6], "texture": "#0", "cullface": "up"}
			}
		},
		{
			"name": "px",
			"from": [10.025, 16.05, 13.6],
			"to": [13.85, 17.425, 13.7],
			"rotation": {"angle": 0, "axis": "y", "origin": [3.7, 11.05, 7.55]},
			"faces": {
				"east": {"uv": [7, 10.90625, 7.1, 12.90625], "texture": "#1", "cullface": "up"},
				"south": {"uv": [2.09375, 12.25, 7.17188, 14.25], "texture": "#1", "cullface": "up"},
				"west": {"uv": [12.25, 12.84375, 12.53125, 12.84375], "texture": "#1", "cullface": "up"},
				"up": {"uv": [10, 13.6, 13.825, 13.7], "texture": "#0", "cullface": "up"}
			}
		},
		{
			"name": "px",
			"from": [10.125, 16.05, 13.7],
			"to": [13.8, 17.425, 13.8],
			"rotation": {"angle": 0, "axis": "y", "origin": [3.675, 11.05, 7.65]},
			"faces": {
				"east": {"uv": [7, 10.90625, 7.1, 12.90625], "texture": "#1", "cullface": "up"},
				"south": {"uv": [2.09375, 12.25, 7.17188, 14.25], "texture": "#1", "cullface": "up"},
				"west": {"uv": [12.25, 12.84375, 12.53125, 12.84375], "texture": "#1", "cullface": "up"},
				"up": {"uv": [10.1, 13.7, 13.775, 13.8], "texture": "#0", "cullface": "up"}
			}
		},
		{
			"name": "px",
			"from": [10.35, 16.05, 13.9],
			"to": [13.55, 17.425, 14],
			"rotation": {"angle": 0, "axis": "y", "origin": [3.9, 11.05, 7.65]},
			"faces": {
				"east": {"uv": [7, 10.90625, 7.1, 12.90625], "texture": "#1", "cullface": "up"},
				"south": {"uv": [2.09375, 12.25, 7.17188, 14.25], "texture": "#1", "cullface": "up"},
				"west": {"uv": [12.25, 12.84375, 12.53125, 12.84375], "texture": "#1", "cullface": "up"},
				"up": {"uv": [10.325, 13.9, 13.525, 14], "texture": "#0", "cullface": "up"}
			}
		},
		{
			"name": "px",
			"from": [10.225, 16.05, 13.8],
			"to": [13.675, 17.425, 13.9],
			"rotation": {"angle": 0, "axis": "y", "origin": [3.775, 11.05, 7.65]},
			"faces": {
				"east": {"uv": [7, 10.90625, 7.1, 12.90625], "texture": "#1", "cullface": "up"},
				"south": {"uv": [2.09375, 12.25, 7.17188, 14.25], "texture": "#1", "cullface": "up"},
				"west": {"uv": [12.25, 12.84375, 12.53125, 12.84375], "texture": "#1", "cullface": "up"},
				"up": {"uv": [10.2, 13.8, 13.65, 13.9], "texture": "#0", "cullface": "up"}
			}
		},
		{
			"name": "px",
			"from": [10.5, 16.05, 14],
			"to": [13.45, 17.425, 14.1],
			"rotation": {"angle": 0, "axis": "y", "origin": [4.05, 11.05, 7.65]},
			"faces": {
				"east": {"uv": [7, 10.90625, 7.1, 12.90625], "texture": "#1", "cullface": "up"},
				"south": {"uv": [2.09375, 12.25, 7.17188, 14.25], "texture": "#1", "cullface": "up"},
				"west": {"uv": [12.25, 12.84375, 12.53125, 12.84375], "texture": "#1", "cullface": "up"},
				"up": {"uv": [10.475, 14, 13.425, 14.1], "texture": "#0", "cullface": "up"}
			}
		},
		{
			"name": "px",
			"from": [10.625, 16.05, 14.1],
			"to": [13.325, 17.425, 14.2],
			"rotation": {"angle": 0, "axis": "y", "origin": [3.925, 11.05, 7.65]},
			"faces": {
				"east": {"uv": [7, 10.90625, 7.1, 12.90625], "texture": "#1", "cullface": "up"},
				"south": {"uv": [2.09375, 12.25, 7.17188, 14.25], "texture": "#1", "cullface": "up"},
				"west": {"uv": [12.25, 12.84375, 12.53125, 12.84375], "texture": "#1", "cullface": "up"},
				"up": {"uv": [10.6, 14.1, 13.3, 14.2], "texture": "#0", "cullface": "up"}
			}
		},
		{
			"name": "px",
			"from": [10.85, 16.05, 14.2],
			"to": [13.075, 17.425, 14.3],
			"rotation": {"angle": 0, "axis": "y", "origin": [3.925, 11.05, 7.65]},
			"faces": {
				"east": {"uv": [7, 10.90625, 7.1, 12.90625], "texture": "#1", "cullface": "up"},
				"south": {"uv": [2.09375, 12.25, 7.17188, 14.25], "texture": "#1", "cullface": "up"},
				"west": {"uv": [12.25, 12.84375, 12.53125, 12.84375], "texture": "#1", "cullface": "up"},
				"up": {"uv": [10.825, 14.2, 13.05, 14.3], "texture": "#0", "cullface": "up"}
			}
		},
		{
			"name": "px",
			"from": [11.075, 16.05, 14.3],
			"to": [12.825, 17.425, 14.375],
			"rotation": {"angle": 0, "axis": "y", "origin": [3.925, 11.05, 7.65]},
			"faces": {
				"east": {"uv": [7, 10.90625, 7.075, 12.90625], "texture": "#1", "cullface": "up"},
				"south": {"uv": [2.09375, 12.25, 7.17188, 14.25], "texture": "#1", "cullface": "up"},
				"west": {"uv": [12.25, 12.84375, 12.53125, 12.84375], "texture": "#1", "cullface": "up"},
				"up": {"uv": [11.05, 14.3, 12.8, 14.375], "texture": "#0", "cullface": "up"}
			}
		},
		{
			"name": "px",
			"from": [11.375, 16.05, 14.375],
			"to": [12.575, 17.425, 14.45],
			"rotation": {"angle": 0, "axis": "y", "origin": [3.925, 11.05, 7.625]},
			"faces": {
				"east": {"uv": [7, 10.90625, 7.075, 12.90625], "texture": "#1", "cullface": "up"},
				"south": {"uv": [2.09375, 12.25, 7.17188, 14.25], "texture": "#1", "cullface": "up"},
				"west": {"uv": [12.25, 12.84375, 12.53125, 12.84375], "texture": "#1", "cullface": "up"},
				"up": {"uv": [11.35, 14.375, 12.55, 14.45], "texture": "#0", "cullface": "up"}
			}
		},
		{
			"name": "px",
			"from": [9.4, 16.05, 11.55],
			"to": [14.475, 17.425, 11.75],
			"rotation": {"angle": 0, "axis": "y", "origin": [20.175, 11.05, 17.8]},
			"faces": {
				"north": {"uv": [9.79688, 11.5, 14.17188, 13.5], "texture": "#1", "cullface": "up"},
				"east": {"uv": [7, 10.90625, 7.2, 12.90625], "texture": "#1", "cullface": "up"},
				"west": {"uv": [12.25, 12.84375, 12.53125, 12.84375], "texture": "#1", "cullface": "up"},
				"up": {"uv": [14.45, 11.75, 9.375, 11.55], "rotation": 180, "texture": "#0", "cullface": "up"}
			}
		},
		{
			"name": "px",
			"from": [9.425, 16.05, 11.425],
			"to": [14.45, 17.425, 11.55],
			"rotation": {"angle": 0, "axis": "y", "origin": [20.175, 11.05, 17.6]},
			"faces": {
				"north": {"uv": [9.79688, 11.5, 14.17188, 13.5], "texture": "#1", "cullface": "up"},
				"east": {"uv": [7, 10.90625, 7.125, 12.90625], "texture": "#1", "cullface": "up"},
				"west": {"uv": [12.25, 12.84375, 12.53125, 12.84375], "texture": "#1", "cullface": "up"},
				"up": {"uv": [14.425, 11.55, 9.4, 11.425], "rotation": 180, "texture": "#0", "cullface": "up"}
			}
		},
		{
			"name": "px",
			"from": [9.475, 16.05, 11.225],
			"to": [14.4, 17.425, 11.325],
			"rotation": {"angle": 0, "axis": "y", "origin": [20.175, 11.05, 17.375]},
			"faces": {
				"north": {"uv": [9.79688, 11.5, 14.17188, 13.5], "texture": "#1", "cullface": "up"},
				"east": {"uv": [7, 10.90625, 7.1, 12.90625], "texture": "#1", "cullface": "up"},
				"west": {"uv": [12.25, 12.84375, 12.53125, 12.84375], "texture": "#1", "cullface": "up"},
				"up": {"uv": [14.375, 11.325, 9.45, 11.225], "rotation": 180, "texture": "#0", "cullface": "up"}
			}
		},
		{
			"name": "px",
			"from": [9.45, 16.05, 11.325],
			"to": [14.425, 17.425, 11.425],
			"rotation": {"angle": 0, "axis": "y", "origin": [20.175, 11.05, 17.475]},
			"faces": {
				"north": {"uv": [9.79688, 11.5, 14.17188, 13.5], "texture": "#1", "cullface": "up"},
				"east": {"uv": [7, 10.90625, 7.1, 12.90625], "texture": "#1", "cullface": "up"},
				"west": {"uv": [12.25, 12.84375, 12.53125, 12.84375], "texture": "#1", "cullface": "up"},
				"up": {"uv": [14.4, 11.425, 9.425, 11.325], "rotation": 180, "texture": "#0", "cullface": "up"}
			}
		},
		{
			"name": "px",
			"from": [9.5, 16.05, 11.125],
			"to": [14.375, 17.425, 11.225],
			"rotation": {"angle": 0, "axis": "y", "origin": [20.175, 11.05, 17.275]},
			"faces": {
				"north": {"uv": [9.79688, 11.5, 14.17188, 13.5], "texture": "#1", "cullface": "up"},
				"east": {"uv": [7, 10.90625, 7.1, 12.90625], "texture": "#1", "cullface": "up"},
				"west": {"uv": [12.25, 12.84375, 12.53125, 12.84375], "texture": "#1", "cullface": "up"},
				"up": {"uv": [14.35, 11.225, 9.475, 11.125], "rotation": 180, "texture": "#0", "cullface": "up"}
			}
		},
		{
			"name": "px",
			"from": [9.55, 16.05, 10.925],
			"to": [14.3, 17.425, 11.025],
			"rotation": {"angle": 0, "axis": "y", "origin": [20.175, 11.05, 17.075]},
			"faces": {
				"north": {"uv": [9.79688, 11.5, 14.17188, 13.5], "texture": "#1", "cullface": "up"},
				"east": {"uv": [7, 10.90625, 7.1, 12.90625], "texture": "#1", "cullface": "up"},
				"west": {"uv": [12.25, 12.84375, 12.53125, 12.84375], "texture": "#1", "cullface": "up"},
				"up": {"uv": [14.275, 11.025, 9.525, 10.925], "rotation": 180, "texture": "#0", "cullface": "up"}
			}
		},
		{
			"name": "px",
			"from": [9.525, 16.05, 11.025],
			"to": [14.325, 17.425, 11.125],
			"rotation": {"angle": 0, "axis": "y", "origin": [20.175, 11.05, 17.175]},
			"faces": {
				"north": {"uv": [9.79688, 11.5, 14.17188, 13.5], "texture": "#1", "cullface": "up"},
				"east": {"uv": [7, 10.90625, 7.1, 12.90625], "texture": "#1", "cullface": "up"},
				"west": {"uv": [12.25, 12.84375, 12.53125, 12.84375], "texture": "#1", "cullface": "up"},
				"up": {"uv": [14.3, 11.125, 9.5, 11.025], "rotation": 180, "texture": "#0", "cullface": "up"}
			}
		},
		{
			"name": "px",
			"from": [9.6, 16.05, 10.825],
			"to": [14.275, 17.425, 10.925],
			"rotation": {"angle": 0, "axis": "y", "origin": [20.175, 11.05, 16.975]},
			"faces": {
				"north": {"uv": [9.79688, 11.5, 14.17188, 13.5], "texture": "#1", "cullface": "up"},
				"east": {"uv": [7, 10.90625, 7.1, 12.90625], "texture": "#1", "cullface": "up"},
				"west": {"uv": [12.25, 12.84375, 12.53125, 12.84375], "texture": "#1", "cullface": "up"},
				"up": {"uv": [14.25, 10.925, 9.575, 10.825], "rotation": 180, "texture": "#0", "cullface": "up"}
			}
		},
		{
			"name": "px",
			"from": [9.65, 16.05, 10.725],
			"to": [14.225, 17.425, 10.825],
			"rotation": {"angle": 0, "axis": "y", "origin": [20.175, 11.05, 16.875]},
			"faces": {
				"north": {"uv": [9.79688, 11.5, 14.17188, 13.5], "texture": "#1", "cullface": "up"},
				"east": {"uv": [7, 10.90625, 7.1, 12.90625], "texture": "#1", "cullface": "up"},
				"west": {"uv": [12.25, 12.84375, 12.53125, 12.84375], "texture": "#1", "cullface": "up"},
				"up": {"uv": [14.2, 10.825, 9.625, 10.725], "rotation": 180, "texture": "#0", "cullface": "up"}
			}
		},
		{
			"name": "px",
			"from": [9.7, 16.05, 10.625],
			"to": [14.175, 17.425, 10.725],
			"rotation": {"angle": 0, "axis": "y", "origin": [20.175, 11.05, 16.775]},
			"faces": {
				"north": {"uv": [9.79688, 11.5, 14.17188, 13.5], "texture": "#1", "cullface": "up"},
				"east": {"uv": [7, 10.90625, 7.1, 12.90625], "texture": "#1", "cullface": "up"},
				"west": {"uv": [12.25, 12.84375, 12.53125, 12.84375], "texture": "#1", "cullface": "up"},
				"up": {"uv": [14.15, 10.725, 9.675, 10.625], "rotation": 180, "texture": "#0", "cullface": "up"}
			}
		},
		{
			"name": "px",
			"from": [9.75, 16.05, 10.525],
			"to": [14.125, 17.425, 10.625],
			"rotation": {"angle": 0, "axis": "y", "origin": [20.175, 11.05, 16.675]},
			"faces": {
				"north": {"uv": [9.79688, 11.5, 14.17188, 13.5], "texture": "#1", "cullface": "up"},
				"east": {"uv": [7, 10.90625, 7.1, 12.90625], "texture": "#1", "cullface": "up"},
				"west": {"uv": [12.25, 12.84375, 12.53125, 12.84375], "texture": "#1", "cullface": "up"},
				"up": {"uv": [14.1, 10.625, 9.725, 10.525], "rotation": 180, "texture": "#0", "cullface": "up"}
			}
		},
		{
			"name": "px",
			"from": [9.8, 16.05, 10.425],
			"to": [14.075, 17.425, 10.525],
			"rotation": {"angle": 0, "axis": "y", "origin": [20.175, 11.05, 16.575]},
			"faces": {
				"north": {"uv": [9.79688, 11.5, 14.17188, 13.5], "texture": "#1", "cullface": "up"},
				"east": {"uv": [7, 10.90625, 7.1, 12.90625], "texture": "#1", "cullface": "up"},
				"west": {"uv": [12.25, 12.84375, 12.53125, 12.84375], "texture": "#1", "cullface": "up"},
				"up": {"uv": [14.05, 10.525, 9.775, 10.425], "rotation": 180, "texture": "#0", "cullface": "up"}
			}
		},
		{
			"name": "px",
			"from": [9.875, 16.05, 10.325],
			"to": [14, 17.425, 10.425],
			"rotation": {"angle": 0, "axis": "y", "origin": [20.175, 11.05, 16.475]},
			"faces": {
				"north": {"uv": [9.79688, 11.5, 14.17188, 13.5], "texture": "#1", "cullface": "up"},
				"east": {"uv": [7, 10.90625, 7.1, 12.90625], "texture": "#1", "cullface": "up"},
				"west": {"uv": [12.25, 12.84375, 12.53125, 12.84375], "texture": "#1", "cullface": "up"},
				"up": {"uv": [13.975, 10.425, 9.85, 10.325], "rotation": 180, "texture": "#0", "cullface": "up"}
			}
		},
		{
			"name": "px",
			"from": [9.95, 16.05, 10.225],
			"to": [13.925, 17.425, 10.325],
			"rotation": {"angle": 0, "axis": "y", "origin": [20.175, 11.05, 16.375]},
			"faces": {
				"north": {"uv": [9.79688, 11.5, 14.17188, 13.5], "texture": "#1", "cullface": "up"},
				"east": {"uv": [7, 10.90625, 7.1, 12.90625], "texture": "#1", "cullface": "up"},
				"west": {"uv": [12.25, 12.84375, 12.53125, 12.84375], "texture": "#1", "cullface": "up"},
				"up": {"uv": [13.9, 10.325, 9.925, 10.225], "rotation": 180, "texture": "#0", "cullface": "up"}
			}
		},
		{
			"name": "px",
			"from": [10.025, 16.05, 10.125],
			"to": [13.85, 17.425, 10.225],
			"rotation": {"angle": 0, "axis": "y", "origin": [20.175, 11.05, 16.275]},
			"faces": {
				"north": {"uv": [9.79688, 11.5, 14.17188, 13.5], "texture": "#1", "cullface": "up"},
				"east": {"uv": [7, 10.90625, 7.1, 12.90625], "texture": "#1", "cullface": "up"},
				"west": {"uv": [12.25, 12.84375, 12.53125, 12.84375], "texture": "#1", "cullface": "up"},
				"up": {"uv": [13.825, 10.225, 10, 10.125], "rotation": 180, "texture": "#0", "cullface": "up"}
			}
		},
		{
			"name": "px",
			"from": [10.075, 16.05, 10.025],
			"to": [13.75, 17.425, 10.125],
			"rotation": {"angle": 0, "axis": "y", "origin": [20.2, 11.05, 16.175]},
			"faces": {
				"north": {"uv": [9.79688, 11.5, 14.17188, 13.5], "texture": "#1", "cullface": "up"},
				"east": {"uv": [7, 10.90625, 7.1, 12.90625], "texture": "#1", "cullface": "up"},
				"west": {"uv": [12.25, 12.84375, 12.53125, 12.84375], "texture": "#1", "cullface": "up"},
				"up": {"uv": [13.725, 10.125, 10.05, 10.025], "rotation": 180, "texture": "#0", "cullface": "up"}
			}
		},
		{
			"name": "px",
			"from": [10.325, 16.05, 9.825],
			"to": [13.525, 17.425, 9.925],
			"rotation": {"angle": 0, "axis": "y", "origin": [19.975, 11.05, 16.175]},
			"faces": {
				"north": {"uv": [9.79688, 11.5, 14.17188, 13.5], "texture": "#1", "cullface": "up"},
				"east": {"uv": [7, 10.90625, 7.1, 12.90625], "texture": "#1", "cullface": "up"},
				"west": {"uv": [12.25, 12.84375, 12.53125, 12.84375], "texture": "#1", "cullface": "up"},
				"up": {"uv": [13.5, 9.925, 10.3, 9.825], "rotation": 180, "texture": "#0", "cullface": "up"}
			}
		},
		{
			"name": "px",
			"from": [10.2, 16.05, 9.925],
			"to": [13.65, 17.425, 10.025],
			"rotation": {"angle": 0, "axis": "y", "origin": [20.1, 11.05, 16.175]},
			"faces": {
				"north": {"uv": [9.79688, 11.5, 14.17188, 13.5], "texture": "#1", "cullface": "up"},
				"east": {"uv": [7, 10.90625, 7.1, 12.90625], "texture": "#1", "cullface": "up"},
				"west": {"uv": [12.25, 12.84375, 12.53125, 12.84375], "texture": "#1", "cullface": "up"},
				"up": {"uv": [13.625, 10.025, 10.175, 9.925], "rotation": 180, "texture": "#0", "cullface": "up"}
			}
		},
		{
			"name": "px",
			"from": [10.425, 16.05, 9.725],
			"to": [13.375, 17.425, 9.825],
			"rotation": {"angle": 0, "axis": "y", "origin": [19.825, 11.05, 16.175]},
			"faces": {
				"north": {"uv": [9.79688, 11.5, 14.17188, 13.5], "texture": "#1", "cullface": "up"},
				"east": {"uv": [7, 10.90625, 7.1, 12.90625], "texture": "#1", "cullface": "up"},
				"west": {"uv": [12.25, 12.84375, 12.53125, 12.84375], "texture": "#1", "cullface": "up"},
				"up": {"uv": [13.35, 9.825, 10.4, 9.725], "rotation": 180, "texture": "#0", "cullface": "up"}
			}
		},
		{
			"name": "px",
			"from": [10.55, 16.05, 9.625],
			"to": [13.25, 17.425, 9.725],
			"rotation": {"angle": 0, "axis": "y", "origin": [19.95, 11.05, 16.175]},
			"faces": {
				"north": {"uv": [9.79688, 11.5, 14.17188, 13.5], "texture": "#1", "cullface": "up"},
				"east": {"uv": [7, 10.90625, 7.1, 12.90625], "texture": "#1", "cullface": "up"},
				"west": {"uv": [12.25, 12.84375, 12.53125, 12.84375], "texture": "#1", "cullface": "up"},
				"up": {"uv": [13.225, 9.725, 10.525, 9.625], "rotation": 180, "texture": "#0", "cullface": "up"}
			}
		},
		{
			"name": "px",
			"from": [10.8, 16.05, 9.525],
			"to": [13.025, 17.425, 9.625],
			"rotation": {"angle": 0, "axis": "y", "origin": [19.95, 11.05, 16.175]},
			"faces": {
				"north": {"uv": [9.79688, 11.5, 14.17188, 13.5], "texture": "#1", "cullface": "up"},
				"east": {"uv": [7, 10.90625, 7.1, 12.90625], "texture": "#1", "cullface": "up"},
				"west": {"uv": [12.25, 12.84375, 12.53125, 12.84375], "texture": "#1", "cullface": "up"},
				"up": {"uv": [13, 9.625, 10.775, 9.525], "rotation": 180, "texture": "#0", "cullface": "up"}
			}
		},
		{
			"name": "px",
			"from": [11.05, 16.05, 9.45],
			"to": [12.8, 17.425, 9.525],
			"rotation": {"angle": 0, "axis": "y", "origin": [19.95, 11.05, 16.175]},
			"faces": {
				"north": {"uv": [9.79688, 11.5, 14.17188, 13.5], "texture": "#1", "cullface": "up"},
				"east": {"uv": [7, 10.90625, 7.075, 12.90625], "texture": "#1", "cullface": "up"},
				"west": {"uv": [12.25, 12.84375, 12.53125, 12.84375], "texture": "#1", "cullface": "up"},
				"up": {"uv": [12.775, 9.525, 11.025, 9.45], "rotation": 180, "texture": "#0", "cullface": "up"}
			}
		},
		{
			"name": "px",
			"from": [11.3, 16.05, 9.375],
			"to": [12.5, 17.425, 9.45],
			"rotation": {"angle": 0, "axis": "y", "origin": [19.95, 11.05, 16.2]},
			"faces": {
				"north": {"uv": [9.79688, 11.5, 14.17188, 13.5], "texture": "#1", "cullface": "up"},
				"east": {"uv": [7, 10.90625, 7.075, 12.90625], "texture": "#1", "cullface": "up"},
				"west": {"uv": [12.25, 12.84375, 12.53125, 12.84375], "texture": "#1", "cullface": "up"},
				"up": {"uv": [12.475, 9.45, 11.275, 9.375], "rotation": 180, "texture": "#0", "cullface": "up"}
			}
		},
		{
			"from": [0, 0, 0],
			"to": [16, 4.85, 16],
			"faces": {
				"north": {"uv": [0.04688, 7.96875, 11.76563, 16], "texture": "#2", "cullface": "north"},
				"east": {"uv": [0, 12.79688, 16, 16], "texture": "#2", "cullface": "east"},
				"south": {"uv": [0.04688, 8.04688, 11.64063, 16], "texture": "#2", "cullface": "south"},
				"west": {"uv": [0, 6.32813, 16, 16], "texture": "#2", "cullface": "west"},
				"up": {"uv": [4, 7, 8, 11], "texture": "#2"},
				"down": {"uv": [0, 0, 16, 16], "texture": "#3", "cullface": "down"}
			}
		},
		{
			"from": [-1.75, 13, 16],
			"to": [6.25, 16.85, 16],
			"rotation": {"angle": 45, "axis": "z", "origin": [16, 16, 0]},
			"faces": {
				"south": {"uv": [2.17188, 14.09375, 15.35938, 7.875], "texture": "#2", "cullface": "south"}
			}
		},
		{
			"from": [8, 13.5, -3.35],
			"to": [16, 15, -0.65],
			"rotation": {"angle": 45, "axis": "x", "origin": [16, 0, 0]},
			"faces": {
				"north": {"uv": [2.21875, 5.28125, 14.70312, 6.6875], "texture": "#1"},
				"east": {"uv": [1.71875, 6.34375, 14.42187, 10.57813], "rotation": 90, "texture": "#2", "cullface": "east"},
				"west": {"uv": [2.73438, 8.34376, 12.92188, 12.15625], "rotation": 270, "texture": "#2"},
				"down": {"uv": [0, 6.32813, 16, 16], "rotation": 180, "texture": "#2", "cullface": "west"}
			}
		},
		{
			"from": [7.25, 12, -3.35],
			"to": [16, 13.5, -0.65],
			"rotation": {"angle": 45, "axis": "x", "origin": [16, 0, 0]},
			"faces": {
				"north": {"uv": [2.21875, 5.28125, 14.70312, 6.6875], "texture": "#1"},
				"east": {"uv": [1.71875, 6.34375, 14.42187, 10.57813], "rotation": 90, "texture": "#2", "cullface": "east"},
				"west": {"uv": [2.73438, 8.34376, 12.92188, 12.15625], "rotation": 270, "texture": "#2"},
				"down": {"uv": [0, 6.32813, 16, 16], "rotation": 180, "texture": "#2", "cullface": "west"}
			}
		},
		{
			"from": [6.25, 10.5, -3.35],
			"to": [16, 12, -0.65],
			"rotation": {"angle": 45, "axis": "x", "origin": [16, 0, 0]},
			"faces": {
				"north": {"uv": [2.21875, 5.28125, 14.70312, 6.6875], "texture": "#1"},
				"east": {"uv": [1.71875, 6.34375, 14.42187, 10.57813], "rotation": 90, "texture": "#2", "cullface": "east"},
				"west": {"uv": [2.73438, 8.34376, 12.92188, 12.15625], "rotation": 270, "texture": "#2"},
				"down": {"uv": [0, 6.32813, 16, 16], "rotation": 180, "texture": "#2", "cullface": "west"}
			}
		},
		{
			"from": [5, 9, -3.35],
			"to": [16, 10.5, -0.65],
			"rotation": {"angle": 45, "axis": "x", "origin": [16, 0, 0]},
			"faces": {
				"north": {"uv": [2.21875, 5.28125, 14.70312, 6.6875], "texture": "#1"},
				"east": {"uv": [1.71875, 6.34375, 14.42187, 10.57813], "rotation": 90, "texture": "#2", "cullface": "east"},
				"west": {"uv": [2.73438, 8.34376, 12.92188, 12.15625], "rotation": 270, "texture": "#2"},
				"down": {"uv": [0, 6.32813, 16, 16], "rotation": 180, "texture": "#2", "cullface": "west"}
			}
		},
		{
			"from": [4, 7.5, -3.35],
			"to": [16, 9, -0.65],
			"rotation": {"angle": 45, "axis": "x", "origin": [16, 0, 0]},
			"faces": {
				"north": {"uv": [2.21875, 5.28125, 14.70312, 6.6875], "texture": "#1"},
				"east": {"uv": [1.71875, 6.34375, 14.42187, 10.57813], "rotation": 90, "texture": "#2", "cullface": "east"},
				"west": {"uv": [2.73438, 8.34376, 12.92188, 12.15625], "rotation": 270, "texture": "#2"},
				"down": {"uv": [0, 6.32813, 16, 16], "rotation": 180, "texture": "#2", "cullface": "west"}
			}
		},
		{
			"from": [3, 6, -3.35],
			"to": [16, 7.5, -0.65],
			"rotation": {"angle": 45, "axis": "x", "origin": [16, 0, 0]},
			"faces": {
				"north": {"uv": [2.21875, 5.28125, 14.70312, 6.6875], "texture": "#1"},
				"east": {"uv": [1.71875, 6.34375, 14.42187, 10.57813], "rotation": 90, "texture": "#2", "cullface": "east"},
				"west": {"uv": [2.73438, 8.34376, 12.92188, 12.15625], "rotation": 270, "texture": "#2"},
				"down": {"uv": [0, 6.32813, 16, 16], "rotation": 180, "texture": "#2", "cullface": "west"}
			}
		},
		{
			"from": [2, 4.5, -3.35],
			"to": [16, 6, -0.65],
			"rotation": {"angle": 45, "axis": "x", "origin": [16, 0, 0]},
			"faces": {
				"north": {"uv": [2.21875, 5.28125, 14.70312, 6.6875], "texture": "#1"},
				"east": {"uv": [1.71875, 6.34375, 4.21875, 9.04375], "rotation": 90, "texture": "#2", "cullface": "east"},
				"west": {"uv": [2.73438, 8.34376, 12.92188, 12.15625], "rotation": 270, "texture": "#2"},
				"down": {"uv": [0, 6.32813, 16, 16], "rotation": 180, "texture": "#2", "cullface": "west"}
			}
		},
		{
			"from": [0.75, 3.5, -3.35],
			"to": [16, 4.5, -0.65],
			"rotation": {"angle": 45, "axis": "x", "origin": [16, 0, 0]},
			"faces": {
				"north": {"uv": [2.21875, 5.28125, 14.70312, 6.6875], "texture": "#1"},
				"east": {"uv": [1.71875, 6.34375, 14.42187, 10.57813], "rotation": 90, "texture": "#2", "cullface": "north"},
				"west": {"uv": [2.73438, 8.34376, 12.92188, 12.15625], "rotation": 270, "texture": "#2"},
				"down": {"uv": [0, 6.32813, 16, 16], "rotation": 180, "texture": "#2", "cullface": "west"}
			}
		},
		{
			"from": [16, -2.85, 5.75],
			"to": [16, 1, 13.75],
			"rotation": {"angle": -45, "axis": "x", "origin": [16, 0, 0]},
			"faces": {
				"east": {"uv": [2.17188, 7.875, 15.35938, 14.09375], "texture": "#2", "cullface": "east"}
			}
		},
		{
			"from": [1.325, 2.2, 8],
			"to": [4.025, 3.7, 16],
			"rotation": {"angle": -45, "axis": "z", "origin": [16, 0, 16]},
			"faces": {
				"north": {"uv": [2.73438, 12.15625, 12.92188, 8.34376], "rotation": 270, "texture": "#2"},
				"south": {"uv": [1.71875, 10.57813, 14.42187, 6.34375], "rotation": 90, "texture": "#2", "cullface": "south"},
				"west": {"uv": [12.48437, 5.35938, 1.25, 6.76563], "texture": "#1"},
				"down": {"uv": [16, 6.32813, 0, 16], "rotation": 270, "texture": "#2", "cullface": "west"}
			}
		},
		{
			"from": [1.325, 0.7, 7.25],
			"to": [4.025, 2.2, 16],
			"rotation": {"angle": -45, "axis": "z", "origin": [16, 0, 16]},
			"faces": {
				"north": {"uv": [2.73438, 12.15625, 12.92188, 8.34376], "rotation": 270, "texture": "#2"},
				"south": {"uv": [1.71875, 10.57813, 14.42187, 6.34375], "rotation": 90, "texture": "#2", "cullface": "south"},
				"west": {"uv": [12.48437, 5.35938, 1.25, 6.76563], "texture": "#1"},
				"down": {"uv": [16, 6.32813, 0, 16], "rotation": 270, "texture": "#2", "cullface": "west"}
			}
		},
		{
			"from": [1.325, -0.8, 6.25],
			"to": [4.025, 0.7, 16],
			"rotation": {"angle": -45, "axis": "z", "origin": [16, 0, 16]},
			"faces": {
				"north": {"uv": [2.73438, 12.15625, 12.92188, 8.34376], "rotation": 270, "texture": "#2"},
				"south": {"uv": [1.71875, 10.57813, 14.42187, 6.34375], "rotation": 90, "texture": "#2", "cullface": "south"},
				"west": {"uv": [12.48437, 5.35938, 1.25, 6.76563], "texture": "#1"},
				"down": {"uv": [16, 6.32813, 0, 16], "rotation": 270, "texture": "#2", "cullface": "west"}
			}
		},
		{
			"from": [1.325, -2.3, 5],
			"to": [4.025, -0.8, 16],
			"rotation": {"angle": -45, "axis": "z", "origin": [16, 0, 16]},
			"faces": {
				"north": {"uv": [2.73438, 12.15625, 12.92188, 8.34376], "rotation": 270, "texture": "#2"},
				"south": {"uv": [1.71875, 10.57813, 14.42187, 6.34375], "rotation": 90, "texture": "#2", "cullface": "south"},
				"west": {"uv": [12.48437, 5.35938, 1.25, 6.76563], "texture": "#1"},
				"down": {"uv": [16, 6.32813, 0, 16], "rotation": 270, "texture": "#2", "cullface": "west"}
			}
		},
		{
			"from": [1.325, -3.8, 4],
			"to": [4.025, -2.3, 16],
			"rotation": {"angle": -45, "axis": "z", "origin": [16, 0, 16]},
			"faces": {
				"north": {"uv": [2.73438, 12.15625, 12.92188, 8.34376], "rotation": 270, "texture": "#2"},
				"south": {"uv": [1.71875, 10.57813, 14.42187, 6.34375], "rotation": 90, "texture": "#2", "cullface": "south"},
				"west": {"uv": [12.48437, 5.35938, 1.25, 6.76563], "texture": "#1"},
				"down": {"uv": [16, 6.32813, 0, 16], "rotation": 270, "texture": "#2", "cullface": "west"}
			}
		},
		{
			"from": [1.325, -5.3, 3],
			"to": [4.025, -3.8, 16],
			"rotation": {"angle": -45, "axis": "z", "origin": [16, 0, 16]},
			"faces": {
				"north": {"uv": [2.73438, 12.15625, 12.92188, 8.34376], "rotation": 270, "texture": "#2"},
				"south": {"uv": [1.71875, 10.57813, 14.42187, 6.34375], "rotation": 90, "texture": "#2", "cullface": "south"},
				"west": {"uv": [12.48437, 5.35938, 1.25, 6.76563], "texture": "#1"},
				"down": {"uv": [16, 6.32813, 0, 16], "rotation": 270, "texture": "#2", "cullface": "west"}
			}
		},
		{
			"from": [1.325, -6.8, 2],
			"to": [4.025, -5.3, 16],
			"rotation": {"angle": -45, "axis": "z", "origin": [16, 0, 16]},
			"faces": {
				"north": {"uv": [2.73438, 12.15625, 12.92188, 8.34376], "rotation": 270, "texture": "#2"},
				"south": {"uv": [1.71875, 10.57813, 14.42187, 6.34375], "rotation": 90, "texture": "#2", "cullface": "south"},
				"west": {"uv": [12.48437, 5.35938, 1.25, 6.76563], "texture": "#1"},
				"down": {"uv": [16, 6.32813, 0, 16], "rotation": 270, "texture": "#2", "cullface": "west"}
			}
		},
		{
			"from": [1.325, -7.8, 0.75],
			"to": [4.025, -6.8, 16],
			"rotation": {"angle": -45, "axis": "z", "origin": [16, 0, 16]},
			"faces": {
				"north": {"uv": [2.73438, 12.15625, 12.92188, 8.34376], "rotation": 270, "texture": "#2"},
				"south": {"uv": [1.71875, 10.57813, 14.42187, 6.34375], "rotation": 90, "texture": "#2", "cullface": "south"},
				"west": {"uv": [12.48437, 5.35938, 1.25, 6.76563], "texture": "#1"},
				"down": {"uv": [16, 6.32813, 0, 16], "rotation": 270, "texture": "#2", "cullface": "west"}
			}
		},
		{
			"from": [0.725, 5.4, 0.75],
			"to": [2.15, 5.4, 1.95],
			"faces": {
				"up": {"uv": [5.6875, 4.53125, 7.1125, 5.73125], "texture": "#1"}
			}
		},
		{
			"from": [1.875, 6.6, 1.875],
			"to": [3.3, 6.6, 3.075],
			"faces": {
				"up": {"uv": [5.32813, 4.53125, 6.75312, 5.73125], "texture": "#1"}
			}
		},
		{
			"from": [2.925, 7.7, 2.925],
			"to": [4.35, 7.7, 4.125],
			"faces": {
				"up": {"uv": [5.32813, 4.53125, 6.75312, 5.73125], "texture": "#1"}
			}
		},
		{
			"from": [4, 8.75, 4],
			"to": [5.425, 8.75, 5.2],
			"faces": {
				"up": {"uv": [5.32813, 4.53125, 6.75312, 5.73125], "texture": "#1"}
			}
		},
		{
			"from": [5.05, 9.8, 5.05],
			"to": [6.475, 9.8, 6.25],
			"faces": {
				"up": {"uv": [5.32813, 4.53125, 6.75312, 5.73125], "texture": "#1"}
			}
		},
		{
			"from": [6.125, 10.825, 6.125],
			"to": [7.55, 10.825, 7.325],
			"faces": {
				"up": {"uv": [5.32813, 4.53125, 6.75312, 5.73125], "texture": "#1"}
			}
		},
		{
			"from": [7.175, 11.925, 7.2],
			"to": [8.6, 11.925, 8.4],
			"faces": {
				"up": {"uv": [5.32813, 4.53125, 6.75312, 5.73125], "texture": "#1"}
			}
		}
	],
	"display": {
		"thirdperson_righthand": {
			"scale": [0.5, 0.5, 0.5]
		},
		"thirdperson_lefthand": {
			"scale": [0.5, 0.5, 0.5]
		},
		"firstperson_righthand": {
			"rotation": [5, 45, 0],
			"scale": [0.5, 0.5, 0.5]
		},
		"firstperson_lefthand": {
			"rotation": [5, 45, 0],
			"scale": [0.5, 0.5, 0.5]
		},
		"ground": {
			"translation": [0, 4, 0],
			"scale": [0.4, 0.4, 0.4]
		},
		"gui": {
			"rotation": [20, 45, 0],
			"scale": [0.54, 0.54, 0.54]
		}
	},
	"groups": [
		0,
		{
			"name": "alpha overlay",
			"origin": [8, 8, 8],
			"color": 0,
			"children": [
				{
					"name": "group",
					"origin": [3.9, 0, 7.625],
					"color": 0,
					"children": [1, 2, 3, 4, 5, 6, 7, 8, 9, 10, 11, 12, 13, 14, 15, 16, 17, 18, 19, 20, 21, 22, 23, 24]
				},
				{
					"name": "group",
					"origin": [3.9, 0, 7.625],
					"color": 0,
					"children": [25, 26, 27, 28, 29, 30, 31, 32, 33, 34, 35, 36, 37, 38, 39, 40, 41, 42, 43, 44, 45, 46, 47]
				}
			]
		},
		{
			"name": "group",
			"origin": [0, 0, 0],
			"color": 0,
			"children": [48, 49]
		},
		{
			"name": "group",
			"origin": [0, 0, 0],
			"color": 0,
			"children": [
				{
					"name": "group",
					"origin": [16, 0, 0],
					"color": 0,
					"children": [50, 51, 52, 53, 54, 55, 56, 57]
				},
				58
			]
		},
		{
			"name": "group",
			"origin": [16, 0, 0],
			"color": 0,
			"children": [59, 60, 61, 62, 63, 64, 65, 66]
		},
		67,
		68,
		69,
		70,
		71,
		72,
		73
	]
}