{
	"credit": "Made with Blockbench",
	"textures": {
		"0": "block/green_overlay",
		"2": "block/green_block_side",
		"particle": "block/green_overlay"
	},
	"elements": [
		{
			"from": [4, 0, 4],
			"to": [12, 16, 12],
			"faces": {
				"up": {"uv": [0, 8, 8, 16], "texture": "#2", "cullface": "up"}
			}
		},
		{
			"name": "top overlay",
			"from": [0.55, 0, 4],
			"to": [0.55, 16, 12],
			"rotation": {"angle": 0, "axis": "z", "origin": [0.75, 8, 8]},
			"faces": {
				"east": {"uv": [0, 0, 16, 8], "rotation": 270, "texture": "#0"},
				"west": {"uv": [0, 0, 16, 8], "rotation": 270, "texture": "#0"}
			}
		},
		{
			"name": "top overlay",
			"from": [0.35, 0, 4],
			"to": [0.35, 16, 12],
			"rotation": {"angle": 0, "axis": "z", "origin": [0.75, 8, 8]},
			"faces": {
				"east": {"uv": [0, 0, 16, 8], "rotation": 270, "texture": "#0"},
				"west": {"uv": [0, 0, 16, 8], "rotation": 270, "texture": "#0"}
			}
		},
		{
			"name": "top overlay",
			"from": [0.15, 0, 4],
			"to": [0.15, 16, 12],
			"rotation": {"angle": 0, "axis": "z", "origin": [0.75, 8, 8]},
			"faces": {
				"east": {"uv": [0, 0, 16, 8], "rotation": 270, "texture": "#0"},
				"west": {"uv": [0, 0, 16, 8], "rotation": 270, "texture": "#0"}
			}
		},
		{
			"name": "top overlay",
			"from": [-0.05, 0, 4],
			"to": [-0.05, 16, 12],
			"rotation": {"angle": 0, "axis": "z", "origin": [0.75, 8, 8]},
			"faces": {
				"east": {"uv": [0, 0, 16, 8], "rotation": 270, "texture": "#0"},
				"west": {"uv": [0, 0, 16, 8], "rotation": 270, "texture": "#0"}
			}
		},
		{
			"name": "top overlay",
			"from": [-0.25, 0, 4],
			"to": [-0.25, 16, 12],
			"rotation": {"angle": 0, "axis": "z", "origin": [0.75, 8, 8]},
			"faces": {
				"east": {"uv": [0, 0, 16, 8], "rotation": 270, "texture": "#0"},
				"west": {"uv": [0, 0, 16, 8], "rotation": 270, "texture": "#0"}
			}
		},
		{
			"name": "top overlay",
			"from": [-0.45, 0, 4],
			"to": [-0.45, 16, 12],
			"rotation": {"angle": 0, "axis": "z", "origin": [0.75, 8, 8]},
			"faces": {
				"east": {"uv": [0, 0, 16, 8], "rotation": 270, "texture": "#0"},
				"west": {"uv": [0, 0, 16, 8], "rotation": 270, "texture": "#0"}
			}
		},
		{
			"name": "top overlay",
			"from": [-0.65, 0, 4],
			"to": [-0.65, 16, 12],
			"rotation": {"angle": 0, "axis": "z", "origin": [0.75, 8, 8]},
			"faces": {
				"east": {"uv": [0, 0, 16, 8], "rotation": 270, "texture": "#0"},
				"west": {"uv": [0, 0, 16, 8], "rotation": 270, "texture": "#0"}
			}
		},
		{
			"from": [0.75, 0, 4],
			"to": [4.025, 16, 12],
			"rotation": {"angle": 0, "axis": "z", "origin": [0.75, 8, 8]},
			"faces": {
				"north": {"uv": [0, 0, 16, 2.8125], "rotation": 90, "texture": "#2"},
				"south": {"uv": [0, 0, 16, 3.09375], "rotation": 270, "texture": "#2"},
				"west": {"uv": [0, 8, 16, 16], "rotation": 270, "texture": "#2"},
				"up": {"uv": [0, 0, 16, 3.20313], "rotation": 270, "texture": "#2", "cullface": "north"}
			}
		},
		{
			"name": "top overlay",
			"from": [4, 0, 0.55],
			"to": [12, 16, 0.55],
			"rotation": {"angle": 0, "axis": "y", "origin": [8, 8, 0.75]},
			"faces": {
				"north": {"uv": [0, 0, 16, 8], "rotation": 270, "texture": "#0"},
				"south": {"uv": [0, 0, 16, 8], "rotation": 270, "texture": "#0"}
			}
		},
		{
			"name": "top overlay",
			"from": [4, 0, 0.35],
			"to": [12, 16, 0.35],
			"rotation": {"angle": 0, "axis": "y", "origin": [8, 8, 0.75]},
			"faces": {
				"north": {"uv": [0, 0, 16, 8], "rotation": 270, "texture": "#0"},
				"south": {"uv": [0, 0, 16, 8], "rotation": 270, "texture": "#0"}
			}
		},
		{
			"name": "top overlay",
			"from": [4, 0, 0.15],
			"to": [12, 16, 0.15],
			"rotation": {"angle": 0, "axis": "y", "origin": [8, 8, 0.75]},
			"faces": {
				"north": {"uv": [0, 0, 16, 8], "rotation": 270, "texture": "#0"},
				"south": {"uv": [0, 0, 16, 8], "rotation": 270, "texture": "#0"}
			}
		},
		{
			"name": "top overlay",
			"from": [4, 0, -0.05],
			"to": [12, 16, -0.05],
			"rotation": {"angle": 0, "axis": "y", "origin": [8, 8, 0.75]},
			"faces": {
				"north": {"uv": [0, 0, 16, 8], "rotation": 270, "texture": "#0"},
				"south": {"uv": [0, 0, 16, 8], "rotation": 270, "texture": "#0"}
			}
		},
		{
			"name": "top overlay",
			"from": [4, 0, -0.25],
			"to": [12, 16, -0.25],
			"rotation": {"angle": 0, "axis": "y", "origin": [8, 8, 0.75]},
			"faces": {
				"north": {"uv": [0, 0, 16, 8], "rotation": 270, "texture": "#0"},
				"south": {"uv": [0, 0, 16, 8], "rotation": 270, "texture": "#0"}
			}
		},
		{
			"name": "top overlay",
			"from": [4, 0, -0.45],
			"to": [12, 16, -0.45],
			"rotation": {"angle": 0, "axis": "y", "origin": [8, 8, 0.75]},
			"faces": {
				"north": {"uv": [0, 0, 16, 8], "rotation": 270, "texture": "#0"},
				"south": {"uv": [0, 0, 16, 8], "rotation": 270, "texture": "#0"}
			}
		},
		{
			"name": "top overlay",
			"from": [4, 0, -0.65],
			"to": [12, 16, -0.65],
			"rotation": {"angle": 0, "axis": "y", "origin": [8, 8, 0.75]},
			"faces": {
				"north": {"uv": [0, 0, 16, 8], "rotation": 270, "texture": "#0"},
				"south": {"uv": [0, 0, 16, 8], "rotation": 270, "texture": "#0"}
			}
		},
		{
			"from": [4, 0, 0.75],
			"to": [12, 16, 4],
			"rotation": {"angle": 0, "axis": "y", "origin": [8, 8, 0.75]},
			"faces": {
				"north": {"uv": [0, 8, 16, 16], "rotation": 270, "texture": "#2"},
				"east": {"uv": [0, 0, 16, 3.04688], "rotation": 90, "texture": "#2"},
				"west": {"uv": [0, 0, 16, 3], "rotation": 270, "texture": "#2"},
				"up": {"uv": [0, 0, 16, 3.20313], "texture": "#2", "cullface": "north"}
			}
		},
		{
			"name": "top overlay",
			"from": [4, 0, 15.45],
			"to": [12, 16, 15.45],
			"rotation": {"angle": 0, "axis": "y", "origin": [8, 8, 15.25]},
			"faces": {
				"north": {"uv": [0, 0, 16, 8], "rotation": 270, "texture": "#0"},
				"south": {"uv": [0, 0, 16, 8], "rotation": 270, "texture": "#0"}
			}
		},
		{
			"name": "top overlay",
			"from": [4, 0, 15.65],
			"to": [12, 16, 15.65],
			"rotation": {"angle": 0, "axis": "y", "origin": [8, 8, 15.25]},
			"faces": {
				"north": {"uv": [0, 0, 16, 8], "rotation": 270, "texture": "#0"},
				"south": {"uv": [0, 0, 16, 8], "rotation": 270, "texture": "#0"}
			}
		},
		{
			"name": "top overlay",
			"from": [4, 0, 15.85],
			"to": [12, 16, 15.85],
			"rotation": {"angle": 0, "axis": "y", "origin": [8, 8, 15.25]},
			"faces": {
				"north": {"uv": [0, 0, 16, 8], "rotation": 270, "texture": "#0"},
				"south": {"uv": [0, 0, 16, 8], "rotation": 270, "texture": "#0"}
			}
		},
		{
			"name": "top overlay",
			"from": [4, 0, 16.05],
			"to": [12, 16, 16.05],
			"rotation": {"angle": 0, "axis": "y", "origin": [8, 8, 15.25]},
			"faces": {
				"north": {"uv": [0, 0, 16, 8], "rotation": 270, "texture": "#0"},
				"south": {"uv": [0, 0, 16, 8], "rotation": 270, "texture": "#0"}
			}
		},
		{
			"name": "top overlay",
			"from": [4, 0, 16.25],
			"to": [12, 16, 16.25],
			"rotation": {"angle": 0, "axis": "y", "origin": [8, 8, 15.25]},
			"faces": {
				"north": {"uv": [0, 0, 16, 8], "rotation": 270, "texture": "#0"},
				"south": {"uv": [0, 0, 16, 8], "rotation": 270, "texture": "#0"}
			}
		},
		{
			"name": "top overlay",
			"from": [4, 0, 16.45],
			"to": [12, 16, 16.45],
			"rotation": {"angle": 0, "axis": "y", "origin": [8, 8, 15.25]},
			"faces": {
				"north": {"uv": [0, 0, 16, 8], "rotation": 270, "texture": "#0"},
				"south": {"uv": [0, 0, 16, 8], "rotation": 270, "texture": "#0"}
			}
		},
		{
			"name": "top overlay",
			"from": [4, 0, 16.65],
			"to": [12, 16, 16.65],
			"rotation": {"angle": 0, "axis": "y", "origin": [8, 8, 15.25]},
			"faces": {
				"north": {"uv": [0, 0, 16, 8], "rotation": 270, "texture": "#0"},
				"south": {"uv": [0, 0, 16, 8], "rotation": 270, "texture": "#0"}
			}
		},
		{
			"from": [4, 0, 11.95],
			"to": [12, 16, 15.25],
			"rotation": {"angle": 0, "axis": "y", "origin": [8, 8, 15.25]},
			"faces": {
				"east": {"uv": [0, 0, 16, 3.1875], "rotation": 270, "texture": "#2"},
				"south": {"uv": [0, 8, 16, 16], "rotation": 270, "texture": "#2"},
				"west": {"uv": [0, 0, 16, 3.09375], "rotation": 90, "texture": "#2"},
				"up": {"uv": [0, 0, 16, 3.20313], "rotation": 180, "texture": "#2", "cullface": "north"}
			}
		},
		{
			"name": "top overlay",
			"from": [15.45, 0, 4],
			"to": [15.45, 16, 12],
			"rotation": {"angle": 0, "axis": "y", "origin": [15.25, 8, 8]},
			"faces": {
				"east": {"uv": [0, 0, 16, 8], "rotation": 270, "texture": "#0"},
				"west": {"uv": [0, 0, 16, 8], "rotation": 270, "texture": "#0"}
			}
		},
		{
			"name": "top overlay",
			"from": [15.65, 0, 4],
			"to": [15.65, 16, 12],
			"rotation": {"angle": 0, "axis": "y", "origin": [15.25, 8, 8]},
			"faces": {
				"east": {"uv": [0, 0, 16, 8], "rotation": 270, "texture": "#0"},
				"west": {"uv": [0, 0, 16, 8], "rotation": 270, "texture": "#0"}
			}
		},
		{
			"name": "top overlay",
			"from": [15.85, 0, 4],
			"to": [15.85, 16, 12],
			"rotation": {"angle": 0, "axis": "y", "origin": [15.25, 8, 8]},
			"faces": {
				"east": {"uv": [0, 0, 16, 8], "rotation": 270, "texture": "#0"},
				"west": {"uv": [0, 0, 16, 8], "rotation": 270, "texture": "#0"}
			}
		},
		{
			"name": "top overlay",
			"from": [16.05, 0, 4],
			"to": [16.05, 16, 12],
			"rotation": {"angle": 0, "axis": "y", "origin": [15.25, 8, 8]},
			"faces": {
				"east": {"uv": [0, 0, 16, 8], "rotation": 270, "texture": "#0"},
				"west": {"uv": [0, 0, 16, 8], "rotation": 270, "texture": "#0"}
			}
		},
		{
			"name": "top overlay",
			"from": [16.25, 0, 4],
			"to": [16.25, 16, 12],
			"rotation": {"angle": 0, "axis": "y", "origin": [15.25, 8, 8]},
			"faces": {
				"east": {"uv": [0, 0, 16, 8], "rotation": 270, "texture": "#0"},
				"west": {"uv": [0, 0, 16, 8], "rotation": 270, "texture": "#0"}
			}
		},
		{
			"name": "top overlay",
			"from": [16.45, 0, 4],
			"to": [16.45, 16, 12],
			"rotation": {"angle": 0, "axis": "y", "origin": [15.25, 8, 8]},
			"faces": {
				"east": {"uv": [0, 0, 16, 8], "rotation": 270, "texture": "#0"},
				"west": {"uv": [0, 0, 16, 8], "rotation": 270, "texture": "#0"}
			}
		},
		{
			"name": "top overlay",
			"from": [16.65, 0, 4],
			"to": [16.65, 16, 12],
			"rotation": {"angle": 0, "axis": "y", "origin": [15.25, 8, 8]},
			"faces": {
				"east": {"uv": [0, 0, 16, 8], "rotation": 270, "texture": "#0"},
				"west": {"uv": [0, 0, 16, 8], "rotation": 270, "texture": "#0"}
			}
		},
		{
			"from": [12, 0, 4],
			"to": [15.25, 16, 12],
			"rotation": {"angle": 0, "axis": "y", "origin": [15.25, 8, 8]},
			"faces": {
				"north": {"uv": [0, 0, 16, 3.14063], "rotation": 270, "texture": "#2"},
				"east": {"uv": [0, 8, 16, 16], "rotation": 270, "texture": "#2"},
				"south": {"uv": [0, 0, 16, 3.14063], "rotation": 90, "texture": "#2"},
				"up": {"uv": [0, 0, 16, 3.20313], "rotation": 90, "texture": "#2", "cullface": "north"}
			}
		},
		{
			"name": "top overlay",
			"from": [4, 16.2, 4],
			"to": [12, 16.2, 12],
			"rotation": {"angle": 0, "axis": "x", "origin": [8, 16, 4]},
			"faces": {
				"up": {"uv": [0, 0, 8, 8], "rotation": 270, "texture": "#0", "cullface": "up"},
				"down": {"uv": [0, 0, 8, 8], "rotation": 90, "texture": "#0", "cullface": "up"}
			}
		},
		{
			"name": "top overlay",
			"from": [4, 16.4, 4],
			"to": [12, 16.4, 12],
			"rotation": {"angle": 0, "axis": "x", "origin": [8, 16, 4]},
			"faces": {
				"up": {"uv": [0, 0, 8, 8], "rotation": 270, "texture": "#0", "cullface": "up"},
				"down": {"uv": [0, 0, 8, 8], "rotation": 90, "texture": "#0", "cullface": "up"}
			}
		},
		{
			"name": "top overlay",
			"from": [4, 16.6, 4],
			"to": [12, 16.6, 12],
			"rotation": {"angle": 0, "axis": "x", "origin": [8, 16, 4]},
			"faces": {
				"up": {"uv": [0, 0, 8, 8], "rotation": 270, "texture": "#0", "cullface": "up"},
				"down": {"uv": [0, 0, 8, 8], "rotation": 90, "texture": "#0", "cullface": "up"}
			}
		},
		{
			"name": "top overlay",
			"from": [4, 16.8, 4],
			"to": [12, 16.8, 12],
			"rotation": {"angle": 0, "axis": "x", "origin": [8, 16, 4]},
			"faces": {
				"up": {"uv": [0, 0, 8, 8], "rotation": 270, "texture": "#0", "cullface": "up"},
				"down": {"uv": [0, 0, 8, 8], "rotation": 90, "texture": "#0", "cullface": "up"}
			}
		},
		{
			"name": "top overlay",
			"from": [4, 17, 4],
			"to": [12, 17, 12],
			"rotation": {"angle": 0, "axis": "x", "origin": [8, 16, 4]},
			"faces": {
				"up": {"uv": [0, 0, 8, 8], "rotation": 270, "texture": "#0", "cullface": "up"},
				"down": {"uv": [0, 0, 8, 8], "rotation": 90, "texture": "#0", "cullface": "up"}
			}
		},
		{
			"name": "top overlay",
			"from": [4, 17.2, 4],
			"to": [12, 17.2, 12],
			"rotation": {"angle": 0, "axis": "x", "origin": [8, 16, 4]},
			"faces": {
				"up": {"uv": [0, 0, 8, 8], "rotation": 270, "texture": "#0", "cullface": "up"},
				"down": {"uv": [0, 0, 8, 8], "rotation": 90, "texture": "#0", "cullface": "up"}
			}
		},
		{
			"name": "top overlay",
			"from": [4, 17.4, 4],
			"to": [12, 17.4, 12],
			"rotation": {"angle": 0, "axis": "x", "origin": [8, 16, 4]},
			"faces": {
				"up": {"uv": [0, 0, 8, 8], "rotation": 270, "texture": "#0", "cullface": "up"},
				"down": {"uv": [0, 0, 8, 8], "rotation": 90, "texture": "#0", "cullface": "up"}
			}
		}
	],
	"display": {
		"thirdperson_righthand": {
			"scale": [0.5, 0.5, 0.5]
		},
		"thirdperson_lefthand": {
			"scale": [0.5, 0.5, 0.5]
		},
		"firstperson_righthand": {
			"rotation": [5, 45, 0],
			"scale": [0.5, 0.5, 0.5]
		},
		"firstperson_lefthand": {
			"rotation": [5, 45, 0],
			"scale": [0.5, 0.5, 0.5]
		},
		"ground": {
			"translation": [0, 4, 0],
			"scale": [0.4, 0.4, 0.4]
		},
		"gui": {
			"rotation": [20, 45, 0],
			"scale": [0.54, 0.54, 0.54]
		}
	},
	"groups": [
		0,
		{
			"name": "group",
			"origin": [8, 8, 8],
			"color": 0,
			"children": [
				{
					"name": "group",
					"origin": [8, 8, 8],
					"color": 0,
					"children": [1, 2, 3, 4, 5, 6, 7, 8]
				},
				{
					"name": "group",
					"origin": [8, 8, 8],
					"color": 0,
					"children": [9, 10, 11, 12, 13, 14, 15, 16]
				},
				{
					"name": "group",
					"origin": [8, 8, 8],
					"color": 0,
					"children": [17, 18, 19, 20, 21, 22, 23, 24]
				},
				{
					"name": "group",
					"origin": [8, 8, 8],
					"color": 0,
					"children": [25, 26, 27, 28, 29, 30, 31, 32]
				}
			]
		},
		{
			"name": "group",
			"origin": [8, 8, 8],
			"color": 0,
			"children": [33, 34, 35, 36, 37, 38, 39]
		}
	]
}