{
	"credit": "Made with Blockbench",
	"ambientocclusion": false,
	"textures": {
		"2": "block/green_leaves_block_top",
		"3": "block/red_sand_block_top",
		"4": "block/green_leaves_overlay",
		"particle": "block/red_sand_block_top"
	},
	"elements": [
		{
			"from": [0, -3.175, 0],
			"to": [8, 0, 8],
			"rotation": {"angle": 0, "axis": "x", "origin": [4, -1, 5]},
			"faces": {
				"north": {"uv": [4, 0, 8, 8], "rotation": 180, "texture": "#3"},
				"east": {"uv": [4, 0, 8, 8], "rotation": 180, "texture": "#3"},
				"south": {"uv": [4, 0, 8, 8], "rotation": 180, "texture": "#3"},
				"west": {"uv": [4, 0, 8, 8], "rotation": 180, "texture": "#3"}
			}
		},
		{
			"from": [0, 0, 0],
			"to": [8, 3.175, 8],
			"rotation": {"angle": 0, "axis": "x", "origin": [4, -1, 5]},
			"faces": {
				"north": {"uv": [4, 0, 8, 8], "rotation": 180, "texture": "#2"},
				"east": {"uv": [4, 0, 8, 8], "rotation": 180, "texture": "#2"},
				"south": {"uv": [4, 0, 8, 8], "rotation": 180, "texture": "#2"},
				"west": {"uv": [4, 0, 8, 8], "rotation": 180, "texture": "#2"}
			}
		},
		{
			"name": "top overlay",
			"from": [0, 7.775, 0],
			"to": [8, 7.775, 8],
			"rotation": {"angle": 0, "axis": "x", "origin": [4, -1, 5]},
			"faces": {
				"north": {"uv": [0, 0, 8, 8], "rotation": 180, "texture": "#4"},
				"east": {"uv": [0, 0, 8, 8], "rotation": 270, "texture": "#4"},
				"south": {"uv": [0, 0, 8, 8], "texture": "#4"},
				"west": {"uv": [0, 0, 8, 8], "rotation": 90, "texture": "#4"},
				"up": {"uv": [0, 8, 8, 16], "rotation": 180, "texture": "#4"},
				"down": {"uv": [0, 8, 8, 16], "texture": "#4"}
			}
		},
		{
			"name": "top overlay",
			"from": [0, 7.575, 0],
			"to": [8, 7.575, 8],
			"rotation": {"angle": 0, "axis": "x", "origin": [4, -1, 5]},
			"faces": {
				"north": {"uv": [0, 0, 8, 8], "rotation": 180, "texture": "#4"},
				"east": {"uv": [0, 0, 8, 8], "rotation": 270, "texture": "#4"},
				"south": {"uv": [0, 0, 8, 8], "texture": "#4"},
				"west": {"uv": [0, 0, 8, 8], "rotation": 90, "texture": "#4"},
				"up": {"uv": [0, 8, 8, 16], "rotation": 180, "texture": "#4"}
			}
		},
		{
			"name": "top overlay",
			"from": [0, 7.375, 0],
			"to": [8, 7.375, 8],
			"rotation": {"angle": 0, "axis": "x", "origin": [4, -1, 5]},
			"faces": {
				"north": {"uv": [0, 0, 8, 8], "rotation": 180, "texture": "#4"},
				"east": {"uv": [0, 0, 8, 8], "rotation": 270, "texture": "#4"},
				"south": {"uv": [0, 0, 8, 8], "texture": "#4"},
				"west": {"uv": [0, 0, 8, 8], "rotation": 90, "texture": "#4"},
				"up": {"uv": [0, 8, 8, 16], "rotation": 180, "texture": "#4"},
				"down": {"uv": [0, 8, 8, 16], "texture": "#4"}
			}
		},
		{
			"name": "top overlay",
			"from": [0, 7.175, 0],
			"to": [8, 7.175, 8],
			"rotation": {"angle": 0, "axis": "x", "origin": [4, -1, 5]},
			"faces": {
				"north": {"uv": [0, 0, 8, 8], "rotation": 180, "texture": "#4"},
				"east": {"uv": [0, 0, 8, 8], "rotation": 270, "texture": "#4"},
				"south": {"uv": [0, 0, 8, 8], "texture": "#4"},
				"west": {"uv": [0, 0, 8, 8], "rotation": 90, "texture": "#4"},
				"up": {"uv": [0, 8, 8, 16], "rotation": 180, "texture": "#4"}
			}
		},
		{
			"name": "top overlay",
			"from": [0, 6.975, 0],
			"to": [8, 6.975, 8],
			"rotation": {"angle": 0, "axis": "x", "origin": [4, -1, 5]},
			"faces": {
				"north": {"uv": [0, 0, 8, 8], "rotation": 180, "texture": "#4"},
				"east": {"uv": [0, 0, 8, 8], "rotation": 270, "texture": "#4"},
				"south": {"uv": [0, 0, 8, 8], "texture": "#4"},
				"west": {"uv": [0, 0, 8, 8], "rotation": 90, "texture": "#4"},
				"up": {"uv": [0, 8, 8, 16], "rotation": 180, "texture": "#4"},
				"down": {"uv": [0, 8, 8, 16], "texture": "#4"}
			}
		},
		{
			"name": "top overlay",
			"from": [0, 6.775, 0],
			"to": [8, 6.775, 8],
			"rotation": {"angle": 0, "axis": "x", "origin": [4, -1, 5]},
			"faces": {
				"north": {"uv": [0, 0, 8, 8], "rotation": 180, "texture": "#4"},
				"east": {"uv": [0, 0, 8, 8], "rotation": 270, "texture": "#4"},
				"south": {"uv": [0, 0, 8, 8], "texture": "#4"},
				"west": {"uv": [0, 0, 8, 8], "rotation": 90, "texture": "#4"},
				"up": {"uv": [0, 8, 8, 16], "rotation": 180, "texture": "#4"}
			}
		},
		{
			"name": "top overlay",
			"from": [0, 6.575, 0],
			"to": [8, 6.575, 8],
			"rotation": {"angle": 0, "axis": "x", "origin": [4, -1, 5]},
			"faces": {
				"north": {"uv": [0, 0, 8, 8], "rotation": 180, "texture": "#4"},
				"east": {"uv": [0, 0, 8, 8], "rotation": 270, "texture": "#4"},
				"south": {"uv": [0, 0, 8, 8], "texture": "#4"},
				"west": {"uv": [0, 0, 8, 8], "rotation": 90, "texture": "#4"},
				"up": {"uv": [0, 8, 8, 16], "rotation": 180, "texture": "#4"},
				"down": {"uv": [0, 0, 8, 8], "texture": "#4"}
			}
		},
		{
			"from": [0, 3.175, 0],
			"to": [8, 6.35, 8],
			"rotation": {"angle": 0, "axis": "x", "origin": [4, -1, 5]},
			"faces": {
				"north": {"uv": [4, 0, 8, 8], "rotation": 180, "texture": "#2"},
				"east": {"uv": [4, 0, 8, 8], "rotation": 180, "texture": "#2"},
				"south": {"uv": [4, 0, 8, 8], "rotation": 180, "texture": "#2"},
				"west": {"uv": [4, 0, 8, 8], "rotation": 180, "texture": "#2"},
				"up": {"uv": [0, 0, 16, 16], "texture": "#2"}
			}
		},
		{
			"from": [8, -3.175, 8],
			"to": [16, 0, 16],
			"rotation": {"angle": 0, "axis": "x", "origin": [4, -1, 5]},
			"faces": {
				"north": {"uv": [4, 0, 8, 8], "rotation": 180, "texture": "#3"},
				"east": {"uv": [4, 0, 8, 8], "rotation": 180, "texture": "#3"},
				"south": {"uv": [4, 0, 8, 8], "rotation": 180, "texture": "#3"},
				"west": {"uv": [4, 0, 8, 8], "rotation": 180, "texture": "#3"}
			}
		},
		{
			"from": [8, 0, 8],
			"to": [16, 3.175, 16],
			"rotation": {"angle": 0, "axis": "x", "origin": [4, -1, 5]},
			"faces": {
				"north": {"uv": [4, 0, 8, 8], "rotation": 180, "texture": "#2"},
				"east": {"uv": [4, 0, 8, 8], "rotation": 180, "texture": "#2"},
				"south": {"uv": [4, 0, 8, 8], "rotation": 180, "texture": "#2"},
				"west": {"uv": [4, 0, 8, 8], "rotation": 180, "texture": "#2"}
			}
		},
		{
			"name": "top overlay",
			"from": [8, 7.775, 8],
			"to": [16, 7.775, 16],
			"rotation": {"angle": 0, "axis": "x", "origin": [4, -1, 5]},
			"faces": {
				"north": {"uv": [0, 0, 8, 8], "rotation": 180, "texture": "#4"},
				"east": {"uv": [0, 0, 8, 8], "rotation": 270, "texture": "#4"},
				"south": {"uv": [0, 0, 8, 8], "texture": "#4"},
				"west": {"uv": [0, 0, 8, 8], "rotation": 90, "texture": "#4"},
				"up": {"uv": [0, 8, 8, 16], "rotation": 180, "texture": "#4"},
				"down": {"uv": [0, 8, 8, 16], "texture": "#4"}
			}
		},
		{
			"name": "top overlay",
			"from": [8, 7.575, 8],
			"to": [16, 7.575, 16],
			"rotation": {"angle": 0, "axis": "x", "origin": [4, -1, 5]},
			"faces": {
				"north": {"uv": [0, 0, 8, 8], "rotation": 180, "texture": "#4"},
				"east": {"uv": [0, 0, 8, 8], "rotation": 270, "texture": "#4"},
				"south": {"uv": [0, 0, 8, 8], "texture": "#4"},
				"west": {"uv": [0, 0, 8, 8], "rotation": 90, "texture": "#4"},
				"up": {"uv": [0, 8, 8, 16], "rotation": 180, "texture": "#4"}
			}
		},
		{
			"name": "top overlay",
			"from": [8, 7.375, 8],
			"to": [16, 7.375, 16],
			"rotation": {"angle": 0, "axis": "x", "origin": [4, -1, 5]},
			"faces": {
				"north": {"uv": [0, 0, 8, 8], "rotation": 180, "texture": "#4"},
				"east": {"uv": [0, 0, 8, 8], "rotation": 270, "texture": "#4"},
				"south": {"uv": [0, 0, 8, 8], "texture": "#4"},
				"west": {"uv": [0, 0, 8, 8], "rotation": 90, "texture": "#4"},
				"up": {"uv": [0, 8, 8, 16], "rotation": 180, "texture": "#4"},
				"down": {"uv": [0, 8, 8, 16], "texture": "#4"}
			}
		},
		{
			"name": "top overlay",
			"from": [8, 7.175, 8],
			"to": [16, 7.175, 16],
			"rotation": {"angle": 0, "axis": "x", "origin": [4, -1, 5]},
			"faces": {
				"north": {"uv": [0, 0, 8, 8], "rotation": 180, "texture": "#4"},
				"east": {"uv": [0, 0, 8, 8], "rotation": 270, "texture": "#4"},
				"south": {"uv": [0, 0, 8, 8], "texture": "#4"},
				"west": {"uv": [0, 0, 8, 8], "rotation": 90, "texture": "#4"},
				"up": {"uv": [0, 8, 8, 16], "rotation": 180, "texture": "#4"}
			}
		},
		{
			"name": "top overlay",
			"from": [8, 6.975, 8],
			"to": [16, 6.975, 16],
			"rotation": {"angle": 0, "axis": "x", "origin": [4, -1, 5]},
			"faces": {
				"north": {"uv": [0, 0, 0, 0], "rotation": 180, "texture": "#4"},
				"east": {"uv": [0, 0, 0, 0], "rotation": 270, "texture": "#4"},
				"south": {"uv": [0, 0, 0, 0], "texture": "#4"},
				"west": {"uv": [0, 0, 0, 0], "rotation": 90, "texture": "#4"},
				"up": {"uv": [0, 8, 8, 16], "rotation": 180, "texture": "#4"},
				"down": {"uv": [0, 8, 8, 16], "texture": "#4"}
			}
		},
		{
			"name": "top overlay",
			"from": [8, 6.775, 8],
			"to": [16, 6.775, 16],
			"rotation": {"angle": 0, "axis": "x", "origin": [4, -1, 5]},
			"faces": {
				"north": {"uv": [0, 0, 8, 8], "rotation": 180, "texture": "#4"},
				"east": {"uv": [0, 0, 8, 8], "rotation": 270, "texture": "#4"},
				"south": {"uv": [0, 0, 8, 8], "texture": "#4"},
				"west": {"uv": [0, 0, 8, 8], "rotation": 90, "texture": "#4"},
				"up": {"uv": [0, 8, 8, 16], "rotation": 180, "texture": "#4"}
			}
		},
		{
			"name": "top overlay",
			"from": [8, 6.575, 8],
			"to": [16, 6.575, 16],
			"rotation": {"angle": 0, "axis": "x", "origin": [4, -1, 5]},
			"faces": {
				"north": {"uv": [0, 0, 8, 8], "rotation": 180, "texture": "#4"},
				"east": {"uv": [0, 0, 8, 8], "rotation": 270, "texture": "#4"},
				"south": {"uv": [0, 0, 8, 8], "texture": "#4"},
				"west": {"uv": [0, 0, 8, 8], "rotation": 90, "texture": "#4"},
				"up": {"uv": [0, 8, 8, 16], "rotation": 180, "texture": "#4"},
				"down": {"uv": [0, 0, 8, 8], "texture": "#4"}
			}
		},
		{
			"from": [8, 3.175, 8],
			"to": [16, 6.35, 16],
			"rotation": {"angle": 0, "axis": "x", "origin": [4, -1, 5]},
			"faces": {
				"north": {"uv": [4, 0, 8, 8], "rotation": 180, "texture": "#2"},
				"east": {"uv": [4, 0, 8, 8], "rotation": 180, "texture": "#2"},
				"south": {"uv": [4, 0, 8, 8], "rotation": 180, "texture": "#2"},
				"west": {"uv": [4, 0, 8, 8], "rotation": 180, "texture": "#2"},
				"up": {"uv": [0, 0, 16, 16], "texture": "#2"}
			}
		}
	],
	"display": {
		"thirdperson_righthand": {
			"scale": [0.5, 0.5, 0.5]
		},
		"thirdperson_lefthand": {
			"scale": [0.5, 0.5, 0.5]
		},
		"firstperson_righthand": {
			"rotation": [5, 45, 0],
			"scale": [0.5, 0.5, 0.5]
		},
		"firstperson_lefthand": {
			"rotation": [5, 45, 0],
			"scale": [0.5, 0.5, 0.5]
		},
		"ground": {
			"translation": [0, 4, 0],
			"scale": [0.4, 0.4, 0.4]
		},
		"gui": {
			"rotation": [20, 45, 0],
			"scale": [0.54, 0.54, 0.54]
		}
	},
	"groups": [
		{
			"name": "vine_1u",
			"origin": [8, 8, 8],
			"color": 0,
			"children": [
				{
					"name": "vine_1",
					"origin": [8, 8, 8],
					"color": 0,
					"children": [0]
				},
				{
					"name": "vine_1",
					"origin": [8, 8, 8],
					"color": 0,
					"children": [
						1,
						{
							"name": "group",
							"origin": [13, -12, -23],
							"color": 0,
							"children": [2, 3, 4, 5, 6, 7, 8]
						},
						9
					]
				}
			]
		},
		{
			"name": "vine_1u",
			"origin": [8, 8, 8],
			"color": 0,
			"children": [
				{
					"name": "vine_1",
					"origin": [8, 8, 8],
					"color": 0,
					"children": [10]
				},
				{
					"name": "vine_1",
					"origin": [8, 8, 8],
					"color": 0,
					"children": [
						11,
						{
							"name": "group",
							"origin": [13, -12, -23],
							"color": 0,
							"children": [12, 13, 14, 15, 16, 17, 18]
						},
						19
					]
				}
			]
		}
	]
}