{
	"credit": "Made with Blockbench",
	"parent": "block/template3",
	"textures": {
		"1": "block/polished_andesite_block_top",
		"2": "block/diorite_block_side2",
		"4": "block/polished_diorite_bottom",
		"particle": "block/diorite_block_side2"
	},
	"elements": [
		{
			"from": [0, 6.6, 0],
			"to": [16, 12.85, 16],
			"faces": {
				"north": {"uv": [0, 0, 16, 6.34375], "texture": "#2", "cullface": "north"},
				"east": {"uv": [0, 0, 16, 6.34375], "texture": "#2", "cullface": "east"},
				"south": {"uv": [0.04688, 0, 16, 6.34375], "texture": "#2", "cullface": "south"},
				"west": {"uv": [0, 0, 16, 6.34375], "texture": "#2", "cullface": "west"}
			}
		},
		{
			"from": [0, 3.1, 8],
			"to": [16, 6.6, 16],
			"faces": {
				"east": {"uv": [0, 0, 16, 3.15625], "texture": "#2", "cullface": "east"},
				"south": {"uv": [0.09375, 0, 16.04688, 3.15625], "texture": "#2", "cullface": "south"},
				"west": {"uv": [0, 0, 16, 3.15625], "texture": "#2", "cullface": "west"}
			}
		},
		{
			"from": [8, 3.1, 0],
			"to": [16, 6.6, 8],
			"faces": {
				"north": {"uv": [0, 0, 8, 3.07813], "texture": "#2", "cullface": "north"},
				"east": {"uv": [0, 0, 16, 3.15625], "texture": "#2", "cullface": "east"}
			}
		},
		{
			"from": [0, 3.1, 0],
			"to": [8, 6.6, 8],
			"faces": {
				"north": {"uv": [0, 0, 7.90625, 3.03125], "texture": "#1", "cullface": "north"},
				"west": {"uv": [0, 0, 16, 3.15625], "texture": "#1", "cullface": "west"}
			}
		},
		{
			"from": [0, 0, 0],
			"to": [16, 3.175, 16],
			"faces": {
				"north": {"uv": [0, 0, 16, 3.125], "texture": "#2", "cullface": "north"},
				"east": {"uv": [0, 12.83333, 16, 15.98958], "texture": "#2", "cullface": "east"},
				"south": {"uv": [0, 12.83333, 16, 15.98958], "texture": "#2", "cullface": "south"},
				"west": {"uv": [0, 12.83333, 16, 15.98958], "texture": "#2", "cullface": "west"},
				"down": {"uv": [0, 0, 16, 16], "rotation": 90, "texture": "#4", "cullface": "down"}
			}
		},
		{
			"from": [8, 12.825, 8],
			"to": [16, 16, 16],
			"faces": {
				"east": {"uv": [8, 0, 16, 3.16667], "texture": "#1", "cullface": "east"},
				"south": {"uv": [0, 0, 8, 16], "texture": "#1", "cullface": "south"},
				"up": {"uv": [8.04688, 8.04688, 16.04688, 16.04688], "rotation": 90, "texture": "#1", "cullface": "up"}
			}
		},
		{
			"from": [0, 12.825, 8],
			"to": [8, 16, 16],
			"faces": {
				"south": {"uv": [0, 0, 8, 3.1875], "texture": "#2", "cullface": "south"},
				"west": {"uv": [0, 0, 8, 3.15625], "texture": "#2", "cullface": "west"},
				"up": {"uv": [0, 3.25, 8, 10.79688], "rotation": 90, "texture": "#2", "cullface": "up"}
			}
		},
		{
			"from": [0, 12.825, 0],
			"to": [16, 16, 8],
			"faces": {
				"north": {"uv": [0.04688, 0, 16.04688, 3.15625], "rotation": 180, "texture": "#2", "cullface": "north"},
				"east": {"uv": [0.04688, 12.8125, 16.04688, 15.96875], "rotation": 180, "texture": "#2", "cullface": "east"},
				"west": {"uv": [0, 0, 16, 3.15625], "rotation": 180, "texture": "#2", "cullface": "west"},
				"up": {"uv": [0, 3.17188, 16, 11.17188], "rotation": 180, "texture": "#2", "cullface": "up"}
			}
		}
	],
	"display": {
		"thirdperson_righthand": {
			"scale": [0.5, 0.5, 0.5]
		},
		"thirdperson_lefthand": {
			"scale": [0.5, 0.5, 0.5]
		},
		"firstperson_righthand": {
			"rotation": [5, 45, 0],
			"scale": [0.5, 0.5, 0.5]
		},
		"firstperson_lefthand": {
			"rotation": [5, 45, 0],
			"scale": [0.5, 0.5, 0.5]
		},
		"ground": {
			"translation": [0, 4, 0],
			"scale": [0.4, 0.4, 0.4]
		},
		"gui": {
			"rotation": [20, 45, 0],
			"scale": [0.54, 0.54, 0.54]
		}
	},
	"groups": [
		0,
		1,
		2,
		3,
		4,
		5,
		6,
		7,
		{
			"name": "pumpkin",
			"origin": [8, 8, 8],
			"color": 0,
			"children": []
		},
		{
			"name": "melon",
			"origin": [8, 8, 8],
			"color": 0,
			"children": []
		}
	]
}