{
	"credit": "Made with Blockbench",
	"parent": "block/block",
	"textures": {
		"particle": "block/dirt_block_top",
		"side": "block/dirt_block_top",
		"inside": "block/dirt_bottom"
	},
	"elements": [
		{
			"from": [0, 0, 0],
			"to": [16, 3, 16],
			"faces": {
				"north": {"uv": [0, 1.29688, 16, 4.6875], "texture": "#side", "cullface": "north"},
				"east": {"uv": [0, 1.29688, 16, 4.6875], "texture": "#side", "cullface": "east"},
				"south": {"uv": [0, 1.25, 16, 4.6875], "texture": "#side", "cullface": "south"},
				"west": {"uv": [0, 1.29688, 16, 4.6875], "texture": "#side", "cullface": "west"},
				"up": {"uv": [0, 0, 16, 16], "texture": "#side"},
				"down": {"uv": [0, 0, 16, 16], "texture": "#inside", "cullface": "down"}
			}
		},
		{
			"from": [0, 3, 0],
			"to": [3, 16, 3],
			"faces": {
				"north": {"uv": [13, 0, 16, 13], "texture": "#side", "cullface": "north"},
				"east": {"uv": [13, 0, 16, 13], "texture": "#side"},
				"south": {"uv": [0, 0, 3, 13], "texture": "#side"},
				"west": {"uv": [0, 0, 3, 13], "texture": "#side", "cullface": "west"},
				"up": {"uv": [0, 0, 3, 3], "texture": "#side", "cullface": "up"}
			}
		},
		{
			"from": [0, 3, 13],
			"to": [3, 16, 16],
			"rotation": {"angle": 0, "axis": "y", "origin": [0, 0, 13]},
			"faces": {
				"north": {"uv": [13, 0, 16, 13], "texture": "#side"},
				"east": {"uv": [0, 0, 3, 13], "texture": "#side"},
				"south": {"uv": [0, 0, 3, 13], "texture": "#side", "cullface": "south"},
				"west": {"uv": [13, 0, 16, 13], "texture": "#side", "cullface": "west"},
				"up": {"uv": [0, 13, 3, 16], "texture": "#side", "cullface": "up"}
			}
		},
		{
			"from": [13, 3, 0],
			"to": [16, 16, 3],
			"faces": {
				"north": {"uv": [0, 0, 3, 13], "texture": "#side", "cullface": "north"},
				"east": {"uv": [13, 0, 16, 13], "texture": "#side", "cullface": "east"},
				"south": {"uv": [13, 0, 16, 13], "texture": "#side"},
				"west": {"uv": [0, 0, 3, 13], "texture": "#side"},
				"up": {"uv": [13, 0, 16, 3], "texture": "#side", "cullface": "up"}
			}
		},
		{
			"from": [13, 3, 13],
			"to": [16, 16, 16],
			"rotation": {"angle": 0, "axis": "y", "origin": [0, 0, 13]},
			"faces": {
				"north": {"uv": [0, 0, 3, 13], "texture": "#side"},
				"east": {"uv": [0, 0, 3, 13], "texture": "#side", "cullface": "east"},
				"south": {"uv": [13, 0, 16, 13], "texture": "#side", "cullface": "south"},
				"west": {"uv": [13, 0, 16, 13], "texture": "#side"},
				"up": {"uv": [13, 13, 16, 16], "texture": "#side", "cullface": "up"}
			}
		},
		{
			"from": [3, 1, 1],
			"to": [13, 16, 3],
			"faces": {
				"north": {"uv": [3, 0, 13, 15], "texture": "#side"},
				"south": {"uv": [3, 0, 13, 15], "texture": "#side"},
				"up": {"uv": [3, 1, 13, 3], "texture": "#side", "cullface": "up"}
			}
		},
		{
			"from": [3, 0, 13],
			"to": [13, 16, 15],
			"faces": {
				"north": {"uv": [3, 0, 13, 16], "texture": "#side"},
				"south": {"uv": [3, 0, 13, 16], "texture": "#side"},
				"up": {"uv": [3, 13, 13, 15], "texture": "#side", "cullface": "up"}
			}
		},
		{
			"from": [1, 0, 3],
			"to": [3, 16, 13],
			"rotation": {"angle": 0, "axis": "y", "origin": [16, 0, 0]},
			"faces": {
				"east": {"uv": [3, 0, 13, 16], "texture": "#side"},
				"west": {"uv": [3, 0, 13, 16], "texture": "#side"},
				"up": {"uv": [1, 3, 3, 13], "rotation": 90, "texture": "#side", "cullface": "up"}
			}
		},
		{
			"from": [13, 0, 3],
			"to": [15, 16, 13],
			"rotation": {"angle": 0, "axis": "y", "origin": [28, 0, 0]},
			"faces": {
				"east": {"uv": [3, 0, 13, 16], "texture": "#side"},
				"west": {"uv": [3, 0, 13, 16], "texture": "#side"},
				"up": {"uv": [13, 3, 15, 13], "rotation": 90, "texture": "#side", "cullface": "up"}
			}
		}
	]
}