{
	"credit": "Made with Blockbench",
	"textures": {
		"2": "block/stone_bricks",
		"3": "block/deepslate_bottom2",
		"5": "block/cobbled_deepslate",
		"6": "block/stone_block_side",
		"particle": "block/stone_bricks"
	},
	"elements": [
		{
			"from": [0, 0, 0],
			"to": [16, 3.175, 16],
			"faces": {
				"north": {"uv": [0, 0, 8, 3.125], "texture": "#2", "cullface": "north"},
				"east": {"uv": [0, 0, 16, 3.15625], "texture": "#2", "cullface": "east"},
				"south": {"uv": [0, 0, 8, 3.15625], "texture": "#2", "cullface": "south"},
				"west": {"uv": [0, 0, 16, 3.15625], "texture": "#2", "cullface": "west"},
				"down": {"uv": [0, 0, 16, 16], "rotation": 90, "texture": "#3", "cullface": "down"}
			}
		},
		{
			"from": [0, 12.825, 0],
			"to": [16, 16, 16],
			"faces": {
				"north": {"uv": [0, 0, 16, 3.15625], "rotation": 180, "texture": "#2", "cullface": "north"},
				"east": {"uv": [0, 0, 16, 3.15625], "rotation": 180, "texture": "#2", "cullface": "east"},
				"south": {"uv": [0, 0, 16, 3.125], "texture": "#2", "cullface": "south"},
				"west": {"uv": [0, 0, 16, 3.15625], "rotation": 180, "texture": "#2", "cullface": "west"},
				"up": {"uv": [0, 0, 16, 16], "rotation": 90, "texture": "#5", "cullface": "up"}
			}
		},
		{
			"from": [0, 3.15, 0],
			"to": [16, 12.825, 8],
			"faces": {
				"north": {"uv": [16, 6.28125, 0, 16], "texture": "#6", "cullface": "north"},
				"east": {"uv": [0, 6.32813, 8, 16], "texture": "#6", "cullface": "east"},
				"west": {"uv": [8, 6.28125, 16, 16], "texture": "#6", "cullface": "west"}
			}
		},
		{
			"from": [0, 3.125, 8],
			"to": [16, 12.825, 16],
			"rotation": {"angle": 0, "axis": "y", "origin": [0, 0, 8]},
			"faces": {
				"east": {"uv": [0, 3.15626, 8, 12.82813], "texture": "#2", "cullface": "east"},
				"south": {"uv": [0, 3.15625, 16, 12.875], "texture": "#2"},
				"west": {"uv": [0, 3.15625, 8, 12.875], "texture": "#2", "cullface": "west"}
			}
		}
	],
	"display": {
		"thirdperson_righthand": {
			"scale": [0.5, 0.5, 0.5]
		},
		"thirdperson_lefthand": {
			"scale": [0.5, 0.5, 0.5]
		},
		"firstperson_righthand": {
			"rotation": [5, 45, 0],
			"scale": [0.5, 0.5, 0.5]
		},
		"firstperson_lefthand": {
			"rotation": [5, 45, 0],
			"scale": [0.5, 0.5, 0.5]
		},
		"ground": {
			"translation": [0, 4, 0],
			"scale": [0.4, 0.4, 0.4]
		},
		"gui": {
			"rotation": [20, 45, 0],
			"scale": [0.54, 0.54, 0.54]
		}
	},
	"groups": [
		{
			"name": "group",
			"origin": [-8, 0, 8],
			"color": 0,
			"children": []
		},
		{
			"name": "group",
			"origin": [-8, 0, 8],
			"color": 0,
			"children": []
		},
		0,
		1,
		2,
		3
	]
}